parameters,metric_score,training_stats,eval_stats,trial_id,trial_dir,time_this_iter_s,should_checkpoint,done,training_iteration,date,timestamp,time_total_s,pid,hostname,node_ip,time_since_restore,iterations_since_restore
"{""trainer.learning_rate"": 0.001, ""trainer.batch_size"": 64, ""input_features.text.encoder.dropout"": 0.1661567578247278}",0.20000000298023224,"{""training"": {""label"": {""accuracy"": [0.1555425375699997], ""accuracy_micro"": [0.18726591765880585], ""hits_at_k"": [0.5767127871513367], ""loss"": [6.035863876342773], ""roc_auc"": [0.4657679498195648]}, ""combined"": {""loss"": [6.035863876342773]}}, ""validation"": {""label"": {""accuracy"": [0.20000000298023224], ""accuracy_micro"": [0.2631579041481018], ""hits_at_k"": [0.5333333611488342], ""loss"": [2.7430613040924072], ""roc_auc"": [0.46896976232528687]}, ""combined"": {""loss"": [2.7430613040924072]}}, ""test"": {""label"": {""accuracy"": [0.16363635659217834], ""accuracy_micro"": [0.1184210553765297], ""hits_at_k"": [0.5396285057067871], ""loss"": [3.850131034851074], ""roc_auc"": [0.4156227111816406]}, ""combined"": {""loss"": [3.850131034851074]}}}",{},be1512de,/home/yhz/local_iot/banckend/storage/trained_models/latest/FastText-Embed_Hyperopt/hyperopt/trial_be1512de/,2.4334628582000732,True,False,1,2026-04-15_14-37-23,1776235043,2.4334628582000732,3597582,ubunto,202.113.76.55,2.4334628582000732,1
"{""trainer.learning_rate"": 0.001, ""trainer.batch_size"": 64, ""input_features.text.encoder.dropout"": 0.1661567578247278}",0.22500000894069672,"{""training"": {""label"": {""accuracy"": [0.1555425375699997, 0.16325531899929047], ""accuracy_micro"": [0.18726591765880585, 0.17228464782238007], ""hits_at_k"": [0.5767127871513367, 0.5810851454734802], ""loss"": [6.035863876342773, 3.3379218578338623], ""roc_auc"": [0.4657679498195648, 0.4791436195373535]}, ""combined"": {""loss"": [6.035863876342773, 3.3379218578338623]}}, ""validation"": {""label"": {""accuracy"": [0.20000000298023224, 0.22500000894069672], ""accuracy_micro"": [0.2631579041481018, 0.07894736528396606], ""hits_at_k"": [0.5333333611488342, 0.4700000286102295], ""loss"": [2.7430613040924072, 3.983741044998169], ""roc_auc"": [0.46896976232528687, 0.5105494260787964]}, ""combined"": {""loss"": [2.7430613040924072, 3.983741044998169]}}, ""test"": {""label"": {""accuracy"": [0.16363635659217834, 0.1599999964237213], ""accuracy_micro"": [0.1184210553765297, 0.15789473056793213], ""hits_at_k"": [0.5396285057067871, 0.5416268110275269], ""loss"": [3.850131034851074, 3.5042247772216797], ""roc_auc"": [0.4156227111816406, 0.4303514063358307]}, ""combined"": {""loss"": [3.850131034851074, 3.5042247772216797]}}}",{},be1512de,/home/yhz/local_iot/banckend/storage/trained_models/latest/FastText-Embed_Hyperopt/hyperopt/trial_be1512de/,0.05913281440734863,True,False,2,2026-04-15_14-37-23,1776235043,2.492595672607422,3597582,ubunto,202.113.76.55,2.492595672607422,2
"{""trainer.learning_rate"": 0.001, ""trainer.batch_size"": 64, ""input_features.text.encoder.dropout"": 0.1661567578247278}",0.22500000894069672,"{""training"": {""label"": {""accuracy"": [0.1555425375699997, 0.16325531899929047, 0.20553191006183624], ""accuracy_micro"": [0.18726591765880585, 0.17228464782238007, 0.24719101190567017], ""hits_at_k"": [0.5767127871513367, 0.5810851454734802, 0.6026915311813354], ""loss"": [6.035863876342773, 3.3379218578338623, 2.9674267768859863], ""roc_auc"": [0.4657679498195648, 0.4791436195373535, 0.5153540372848511]}, ""combined"": {""loss"": [6.035863876342773, 3.3379218578338623, 2.9674267768859863]}}, ""validation"": {""label"": {""accuracy"": [0.20000000298023224, 0.22500000894069672, 0.125], ""accuracy_micro"": [0.2631579041481018, 0.07894736528396606, 0.1315789520740509], ""hits_at_k"": [0.5333333611488342, 0.4700000286102295, 0.6100000143051147], ""loss"": [2.7430613040924072, 3.983741044998169, 1.9941860437393188], ""roc_auc"": [0.46896976232528687, 0.5105494260787964, 0.475764662027359]}, ""combined"": {""loss"": [2.7430613040924072, 3.983741044998169, 1.9941860437393188]}}, ""test"": {""label"": {""accuracy"": [0.16363635659217834, 0.1599999964237213, 0.12945599853992462], ""accuracy_micro"": [0.1184210553765297, 0.15789473056793213, 0.14473684132099152], ""hits_at_k"": [0.5396285057067871, 0.5416268110275269, 0.6029437184333801], ""loss"": [3.850131034851074, 3.5042247772216797, 2.2105178833007812], ""roc_auc"": [0.4156227111816406, 0.4303514063358307, 0.42295974493026733]}, ""combined"": {""loss"": [3.850131034851074, 3.5042247772216797, 2.2105178833007812]}}}",{},be1512de,/home/yhz/local_iot/banckend/storage/trained_models/latest/FastText-Embed_Hyperopt/hyperopt/trial_be1512de/,0.03864932060241699,True,False,3,2026-04-15_14-37-23,1776235043,2.531244993209839,3597582,ubunto,202.113.76.55,2.531244993209839,3
"{""trainer.learning_rate"": 0.001, ""trainer.batch_size"": 64, ""input_features.text.encoder.dropout"": 0.1661567578247278}",0.22500000894069672,"{""training"": {""label"": {""accuracy"": [0.1555425375699997, 0.16325531899929047, 0.20553191006183624, 0.20928724110126495], ""accuracy_micro"": [0.18726591765880585, 0.17228464782238007, 0.24719101190567017, 0.20973782241344452], ""hits_at_k"": [0.5767127871513367, 0.5810851454734802, 0.6026915311813354, 0.5933829545974731], ""loss"": [6.035863876342773, 3.3379218578338623, 2.9674267768859863, 2.7246017456054688], ""roc_auc"": [0.4657679498195648, 0.4791436195373535, 0.5153540372848511, 0.5106688737869263]}, ""combined"": {""loss"": [6.035863876342773, 3.3379218578338623, 2.9674267768859863, 2.7246017456054688]}}, ""validation"": {""label"": {""accuracy"": [0.20000000298023224, 0.22500000894069672, 0.125, 0.22500000894069672], ""accuracy_micro"": [0.2631579041481018, 0.07894736528396606, 0.1315789520740509, 0.28947368264198303], ""hits_at_k"": [0.5333333611488342, 0.4700000286102295, 0.6100000143051147, 0.6166666746139526], ""loss"": [2.7430613040924072, 3.983741044998169, 1.9941860437393188, 2.147404193878174], ""roc_auc"": [0.46896976232528687, 0.5105494260787964, 0.475764662027359, 0.5200839638710022]}, ""combined"": {""loss"": [2.7430613040924072, 3.983741044998169, 1.9941860437393188, 2.147404193878174]}}, ""test"": {""label"": {""accuracy"": [0.16363635659217834, 0.1599999964237213, 0.12945599853992462, 0.16363635659217834], ""accuracy_micro"": [0.1184210553765297, 0.15789473056793213, 0.14473684132099152, 0.1184210553765297], ""hits_at_k"": [0.5396285057067871, 0.5416268110275269, 0.6029437184333801, 0.6120448112487793], ""loss"": [3.850131034851074, 3.5042247772216797, 2.2105178833007812, 2.7487637996673584], ""roc_auc"": [0.4156227111816406, 0.4303514063358307, 0.42295974493026733, 0.4452725052833557]}, ""combined"": {""loss"": [3.850131034851074, 3.5042247772216797, 2.2105178833007812, 2.7487637996673584]}}}",{},be1512de,/home/yhz/local_iot/banckend/storage/trained_models/latest/FastText-Embed_Hyperopt/hyperopt/trial_be1512de/,0.04737496376037598,True,False,4,2026-04-15_14-37-23,1776235043,2.578619956970215,3597582,ubunto,202.113.76.55,2.578619956970215,4
"{""trainer.learning_rate"": 0.001, ""trainer.batch_size"": 64, ""input_features.text.encoder.dropout"": 0.1661567578247278}",0.25833335518836975,"{""training"": {""label"": {""accuracy"": [0.1555425375699997, 0.16325531899929047, 0.20553191006183624, 0.20928724110126495, 0.23777660727500916], ""accuracy_micro"": [0.18726591765880585, 0.17228464782238007, 0.24719101190567017, 0.20973782241344452, 0.26217228174209595], ""hits_at_k"": [0.5767127871513367, 0.5810851454734802, 0.6026915311813354, 0.5933829545974731, 0.6403829455375671], ""loss"": [6.035863876342773, 3.3379218578338623, 2.9674267768859863, 2.7246017456054688, 2.2198283672332764], ""roc_auc"": [0.4657679498195648, 0.4791436195373535, 0.5153540372848511, 0.5106688737869263, 0.5434685945510864]}, ""combined"": {""loss"": [6.035863876342773, 3.3379218578338623, 2.9674267768859863, 2.7246017456054688, 2.2198283672332764]}}, ""validation"": {""label"": {""accuracy"": [0.20000000298023224, 0.22500000894069672, 0.125, 0.22500000894069672, 0.25833335518836975], ""accuracy_micro"": [0.2631579041481018, 0.07894736528396606, 0.1315789520740509, 0.28947368264198303, 0.15789473056793213], ""hits_at_k"": [0.5333333611488342, 0.4700000286102295, 0.6100000143051147, 0.6166666746139526, 0.6499999761581421], ""loss"": [2.7430613040924072, 3.983741044998169, 1.9941860437393188, 2.147404193878174, 2.2261791229248047], ""roc_auc"": [0.46896976232528687, 0.5105494260787964, 0.475764662027359, 0.5200839638710022, 0.5042506456375122]}, ""combined"": {""loss"": [2.7430613040924072, 3.983741044998169, 1.9941860437393188, 2.147404193878174, 2.2261791229248047]}}, ""test"": {""label"": {""accuracy"": [0.16363635659217834, 0.1599999964237213, 0.12945599853992462, 0.16363635659217834, 0.18088752031326294], ""accuracy_micro"": [0.1184210553765297, 0.15789473056793213, 0.14473684132099152, 0.1184210553765297, 0.21052631735801697], ""hits_at_k"": [0.5396285057067871, 0.5416268110275269, 0.6029437184333801, 0.6120448112487793, 0.5859383940696716], ""loss"": [3.850131034851074, 3.5042247772216797, 2.2105178833007812, 2.7487637996673584, 1.9954438209533691], ""roc_auc"": [0.4156227111816406, 0.4303514063358307, 0.42295974493026733, 0.4452725052833557, 0.44945916533470154]}, ""combined"": {""loss"": [3.850131034851074, 3.5042247772216797, 2.2105178833007812, 2.7487637996673584, 1.9954438209533691]}}}",{},be1512de,/home/yhz/local_iot/banckend/storage/trained_models/latest/FastText-Embed_Hyperopt/hyperopt/trial_be1512de/,0.052385807037353516,True,False,5,2026-04-15_14-37-23,1776235043,2.6310057640075684,3597582,ubunto,202.113.76.55,2.6310057640075684,5
"{""trainer.learning_rate"": 0.001, ""trainer.batch_size"": 64, ""input_features.text.encoder.dropout"": 0.1661567578247278}",0.3149999976158142,"{""training"": {""label"": {""accuracy"": [0.1555425375699997, 0.16325531899929047, 0.20553191006183624, 0.20928724110126495, 0.23777660727500916, 0.2696170210838318], ""accuracy_micro"": [0.18726591765880585, 0.17228464782238007, 0.24719101190567017, 0.20973782241344452, 0.26217228174209595, 0.26966291666030884], ""hits_at_k"": [0.5767127871513367, 0.5810851454734802, 0.6026915311813354, 0.5933829545974731, 0.6403829455375671, 0.6619575023651123], ""loss"": [6.035863876342773, 3.3379218578338623, 2.9674267768859863, 2.7246017456054688, 2.2198283672332764, 2.2268271446228027], ""roc_auc"": [0.4657679498195648, 0.4791436195373535, 0.5153540372848511, 0.5106688737869263, 0.5434685945510864, 0.5753133893013]}, ""combined"": {""loss"": [6.035863876342773, 3.3379218578338623, 2.9674267768859863, 2.7246017456054688, 2.2198283672332764, 2.2268271446228027]}}, ""validation"": {""label"": {""accuracy"": [0.20000000298023224, 0.22500000894069672, 0.125, 0.22500000894069672, 0.25833335518836975, 0.3149999976158142], ""accuracy_micro"": [0.2631579041481018, 0.07894736528396606, 0.1315789520740509, 0.28947368264198303, 0.15789473056793213, 0.2631579041481018], ""hits_at_k"": [0.5333333611488342, 0.4700000286102295, 0.6100000143051147, 0.6166666746139526, 0.6499999761581421, 0.6499999761581421], ""loss"": [2.7430613040924072, 3.983741044998169, 1.9941860437393188, 2.147404193878174, 2.2261791229248047, 2.1840035915374756], ""roc_auc"": [0.46896976232528687, 0.5105494260787964, 0.475764662027359, 0.5200839638710022, 0.5042506456375122, 0.541146993637085]}, ""combined"": {""loss"": [2.7430613040924072, 3.983741044998169, 1.9941860437393188, 2.147404193878174, 2.2261791229248047, 2.1840035915374756]}}, ""test"": {""label"": {""accuracy"": [0.16363635659217834, 0.1599999964237213, 0.12945599853992462, 0.16363635659217834, 0.18088752031326294, 0.1828877031803131], ""accuracy_micro"": [0.1184210553765297, 0.15789473056793213, 0.14473684132099152, 0.1184210553765297, 0.21052631735801697, 0.19736842811107635], ""hits_at_k"": [0.5396285057067871, 0.5416268110275269, 0.6029437184333801, 0.6120448112487793, 0.5859383940696716, 0.5777591466903687], ""loss"": [3.850131034851074, 3.5042247772216797, 2.2105178833007812, 2.7487637996673584, 1.9954438209533691, 2.365992546081543], ""roc_auc"": [0.4156227111816406, 0.4303514063358307, 0.42295974493026733, 0.4452725052833557, 0.44945916533470154, 0.4726030230522156]}, ""combined"": {""loss"": [3.850131034851074, 3.5042247772216797, 2.2105178833007812, 2.7487637996673584, 1.9954438209533691, 2.365992546081543]}}}",{},be1512de,/home/yhz/local_iot/banckend/storage/trained_models/latest/FastText-Embed_Hyperopt/hyperopt/trial_be1512de/,0.04369401931762695,True,False,6,2026-04-15_14-37-23,1776235043,2.6746997833251953,3597582,ubunto,202.113.76.55,2.6746997833251953,6
"{""trainer.learning_rate"": 0.001, ""trainer.batch_size"": 64, ""input_features.text.encoder.dropout"": 0.1661567578247278}",0.3149999976158142,"{""training"": {""label"": {""accuracy"": [0.1555425375699997, 0.16325531899929047, 0.20553191006183624, 0.20928724110126495, 0.23777660727500916, 0.2696170210838318, 0.23100000619888306], ""accuracy_micro"": [0.18726591765880585, 0.17228464782238007, 0.24719101190567017, 0.20973782241344452, 0.26217228174209595, 0.26966291666030884, 0.26966291666030884], ""hits_at_k"": [0.5767127871513367, 0.5810851454734802, 0.6026915311813354, 0.5933829545974731, 0.6403829455375671, 0.6619575023651123, 0.6715744733810425], ""loss"": [6.035863876342773, 3.3379218578338623, 2.9674267768859863, 2.7246017456054688, 2.2198283672332764, 2.2268271446228027, 2.3128983974456787], ""roc_auc"": [0.4657679498195648, 0.4791436195373535, 0.5153540372848511, 0.5106688737869263, 0.5434685945510864, 0.5753133893013, 0.5704909563064575]}, ""combined"": {""loss"": [6.035863876342773, 3.3379218578338623, 2.9674267768859863, 2.7246017456054688, 2.2198283672332764, 2.2268271446228027, 2.3128983974456787]}}, ""validation"": {""label"": {""accuracy"": [0.20000000298023224, 0.22500000894069672, 0.125, 0.22500000894069672, 0.25833335518836975, 0.3149999976158142, 0.26499998569488525], ""accuracy_micro"": [0.2631579041481018, 0.07894736528396606, 0.1315789520740509, 0.28947368264198303, 0.15789473056793213, 0.2631579041481018, 0.1315789520740509], ""hits_at_k"": [0.5333333611488342, 0.4700000286102295, 0.6100000143051147, 0.6166666746139526, 0.6499999761581421, 0.6499999761581421, 0.5233333110809326], ""loss"": [2.7430613040924072, 3.983741044998169, 1.9941860437393188, 2.147404193878174, 2.2261791229248047, 2.1840035915374756, 1.995144248008728], ""roc_auc"": [0.46896976232528687, 0.5105494260787964, 0.475764662027359, 0.5200839638710022, 0.5042506456375122, 0.541146993637085, 0.5423535108566284]}, ""combined"": {""loss"": [2.7430613040924072, 3.983741044998169, 1.9941860437393188, 2.147404193878174, 2.2261791229248047, 2.1840035915374756, 1.995144248008728]}}, ""test"": {""label"": {""accuracy"": [0.16363635659217834, 0.1599999964237213, 0.12945599853992462, 0.16363635659217834, 0.18088752031326294, 0.1828877031803131, 0.19890421628952026], ""accuracy_micro"": [0.1184210553765297, 0.15789473056793213, 0.14473684132099152, 0.1184210553765297, 0.21052631735801697, 0.19736842811107635, 0.19736842811107635], ""hits_at_k"": [0.5396285057067871, 0.5416268110275269, 0.6029437184333801, 0.6120448112487793, 0.5859383940696716, 0.5777591466903687, 0.6279844641685486], ""loss"": [3.850131034851074, 3.5042247772216797, 2.2105178833007812, 2.7487637996673584, 1.9954438209533691, 2.365992546081543, 2.0217769145965576], ""roc_auc"": [0.4156227111816406, 0.4303514063358307, 0.42295974493026733, 0.4452725052833557, 0.44945916533470154, 0.4726030230522156, 0.5036201477050781]}, ""combined"": {""loss"": [3.850131034851074, 3.5042247772216797, 2.2105178833007812, 2.7487637996673584, 1.9954438209533691, 2.365992546081543, 2.0217769145965576]}}}",{},be1512de,/home/yhz/local_iot/banckend/storage/trained_models/latest/FastText-Embed_Hyperopt/hyperopt/trial_be1512de/,0.07117629051208496,True,False,7,2026-04-15_14-37-23,1776235043,2.7458760738372803,3597582,ubunto,202.113.76.55,2.7458760738372803,7
"{""trainer.learning_rate"": 0.001, ""trainer.batch_size"": 64, ""input_features.text.encoder.dropout"": 0.1661567578247278}",0.3149999976158142,"{""training"": {""label"": {""accuracy"": [0.1555425375699997, 0.16325531899929047, 0.20553191006183624, 0.20928724110126495, 0.23777660727500916, 0.2696170210838318, 0.23100000619888306, 0.25008508563041687], ""accuracy_micro"": [0.18726591765880585, 0.17228464782238007, 0.24719101190567017, 0.20973782241344452, 0.26217228174209595, 0.26966291666030884, 0.26966291666030884, 0.2734082341194153], ""hits_at_k"": [0.5767127871513367, 0.5810851454734802, 0.6026915311813354, 0.5933829545974731, 0.6403829455375671, 0.6619575023651123, 0.6715744733810425, 0.6706807613372803], ""loss"": [6.035863876342773, 3.3379218578338623, 2.9674267768859863, 2.7246017456054688, 2.2198283672332764, 2.2268271446228027, 2.3128983974456787, 2.275012969970703], ""roc_auc"": [0.4657679498195648, 0.4791436195373535, 0.5153540372848511, 0.5106688737869263, 0.5434685945510864, 0.5753133893013, 0.5704909563064575, 0.5638845562934875]}, ""combined"": {""loss"": [6.035863876342773, 3.3379218578338623, 2.9674267768859863, 2.7246017456054688, 2.2198283672332764, 2.2268271446228027, 2.3128983974456787, 2.275012969970703]}}, ""validation"": {""label"": {""accuracy"": [0.20000000298023224, 0.22500000894069672, 0.125, 0.22500000894069672, 0.25833335518836975, 0.3149999976158142, 0.26499998569488525, 0.15000000596046448], ""accuracy_micro"": [0.2631579041481018, 0.07894736528396606, 0.1315789520740509, 0.28947368264198303, 0.15789473056793213, 0.2631579041481018, 0.1315789520740509, 0.15789473056793213], ""hits_at_k"": [0.5333333611488342, 0.4700000286102295, 0.6100000143051147, 0.6166666746139526, 0.6499999761581421, 0.6499999761581421, 0.5233333110809326, 0.6083333492279053], ""loss"": [2.7430613040924072, 3.983741044998169, 1.9941860437393188, 2.147404193878174, 2.2261791229248047, 2.1840035915374756, 1.995144248008728, 1.8759469985961914], ""roc_auc"": [0.46896976232528687, 0.5105494260787964, 0.475764662027359, 0.5200839638710022, 0.5042506456375122, 0.541146993637085, 0.5423535108566284, 0.5444048047065735]}, ""combined"": {""loss"": [2.7430613040924072, 3.983741044998169, 1.9941860437393188, 2.147404193878174, 2.2261791229248047, 2.1840035915374756, 1.995144248008728, 1.8759469985961914]}}, ""test"": {""label"": {""accuracy"": [0.16363635659217834, 0.1599999964237213, 0.12945599853992462, 0.16363635659217834, 0.18088752031326294, 0.1828877031803131, 0.19890421628952026, 0.21775320172309875], ""accuracy_micro"": [0.1184210553765297, 0.15789473056793213, 0.14473684132099152, 0.1184210553765297, 0.21052631735801697, 0.19736842811107635, 0.19736842811107635, 0.2368421107530594], ""hits_at_k"": [0.5396285057067871, 0.5416268110275269, 0.6029437184333801, 0.6120448112487793, 0.5859383940696716, 0.5777591466903687, 0.6279844641685486, 0.6225072741508484], ""loss"": [3.850131034851074, 3.5042247772216797, 2.2105178833007812, 2.7487637996673584, 1.9954438209533691, 2.365992546081543, 2.0217769145965576, 1.8063050508499146], ""roc_auc"": [0.4156227111816406, 0.4303514063358307, 0.42295974493026733, 0.4452725052833557, 0.44945916533470154, 0.4726030230522156, 0.5036201477050781, 0.5017178654670715]}, ""combined"": {""loss"": [3.850131034851074, 3.5042247772216797, 2.2105178833007812, 2.7487637996673584, 1.9954438209533691, 2.365992546081543, 2.0217769145965576, 1.8063050508499146]}}}",{},be1512de,/home/yhz/local_iot/banckend/storage/trained_models/latest/FastText-Embed_Hyperopt/hyperopt/trial_be1512de/,0.044030189514160156,True,False,8,2026-04-15_14-37-23,1776235043,2.7899062633514404,3597582,ubunto,202.113.76.55,2.7899062633514404,8
"{""trainer.learning_rate"": 0.001, ""trainer.batch_size"": 64, ""input_features.text.encoder.dropout"": 0.1661567578247278}",0.3700000047683716,"{""training"": {""label"": {""accuracy"": [0.1555425375699997, 0.16325531899929047, 0.20553191006183624, 0.20928724110126495, 0.23777660727500916, 0.2696170210838318, 0.23100000619888306, 0.25008508563041687, 0.34605318307876587], ""accuracy_micro"": [0.18726591765880585, 0.17228464782238007, 0.24719101190567017, 0.20973782241344452, 0.26217228174209595, 0.26966291666030884, 0.26966291666030884, 0.2734082341194153, 0.3670412003993988], ""hits_at_k"": [0.5767127871513367, 0.5810851454734802, 0.6026915311813354, 0.5933829545974731, 0.6403829455375671, 0.6619575023651123, 0.6715744733810425, 0.6706807613372803, 0.68087238073349], ""loss"": [6.035863876342773, 3.3379218578338623, 2.9674267768859863, 2.7246017456054688, 2.2198283672332764, 2.2268271446228027, 2.3128983974456787, 2.275012969970703, 2.0343852043151855], ""roc_auc"": [0.4657679498195648, 0.4791436195373535, 0.5153540372848511, 0.5106688737869263, 0.5434685945510864, 0.5753133893013, 0.5704909563064575, 0.5638845562934875, 0.6093183755874634]}, ""combined"": {""loss"": [6.035863876342773, 3.3379218578338623, 2.9674267768859863, 2.7246017456054688, 2.2198283672332764, 2.2268271446228027, 2.3128983974456787, 2.275012969970703, 2.0343852043151855]}}, ""validation"": {""label"": {""accuracy"": [0.20000000298023224, 0.22500000894069672, 0.125, 0.22500000894069672, 0.25833335518836975, 0.3149999976158142, 0.26499998569488525, 0.15000000596046448, 0.3700000047683716], ""accuracy_micro"": [0.2631579041481018, 0.07894736528396606, 0.1315789520740509, 0.28947368264198303, 0.15789473056793213, 0.2631579041481018, 0.1315789520740509, 0.15789473056793213, 0.2631579041481018], ""hits_at_k"": [0.5333333611488342, 0.4700000286102295, 0.6100000143051147, 0.6166666746139526, 0.6499999761581421, 0.6499999761581421, 0.5233333110809326, 0.6083333492279053, 0.6000000238418579], ""loss"": [2.7430613040924072, 3.983741044998169, 1.9941860437393188, 2.147404193878174, 2.2261791229248047, 2.1840035915374756, 1.995144248008728, 1.8759469985961914, 2.0989954471588135], ""roc_auc"": [0.46896976232528687, 0.5105494260787964, 0.475764662027359, 0.5200839638710022, 0.5042506456375122, 0.541146993637085, 0.5423535108566284, 0.5444048047065735, 0.5609561800956726]}, ""combined"": {""loss"": [2.7430613040924072, 3.983741044998169, 1.9941860437393188, 2.147404193878174, 2.2261791229248047, 2.1840035915374756, 1.995144248008728, 1.8759469985961914, 2.0989954471588135]}}, ""test"": {""label"": {""accuracy"": [0.16363635659217834, 0.1599999964237213, 0.12945599853992462, 0.16363635659217834, 0.18088752031326294, 0.1828877031803131, 0.19890421628952026, 0.21775320172309875, 0.20777183771133423], ""accuracy_micro"": [0.1184210553765297, 0.15789473056793213, 0.14473684132099152, 0.1184210553765297, 0.21052631735801697, 0.19736842811107635, 0.19736842811107635, 0.2368421107530594, 0.18421052396297455], ""hits_at_k"": [0.5396285057067871, 0.5416268110275269, 0.6029437184333801, 0.6120448112487793, 0.5859383940696716, 0.5777591466903687, 0.6279844641685486, 0.6225072741508484, 0.586860179901123], ""loss"": [3.850131034851074, 3.5042247772216797, 2.2105178833007812, 2.7487637996673584, 1.9954438209533691, 2.365992546081543, 2.0217769145965576, 1.8063050508499146, 2.2005834579467773], ""roc_auc"": [0.4156227111816406, 0.4303514063358307, 0.42295974493026733, 0.4452725052833557, 0.44945916533470154, 0.4726030230522156, 0.5036201477050781, 0.5017178654670715, 0.5350149869918823]}, ""combined"": {""loss"": [3.850131034851074, 3.5042247772216797, 2.2105178833007812, 2.7487637996673584, 1.9954438209533691, 2.365992546081543, 2.0217769145965576, 1.8063050508499146, 2.2005834579467773]}}}",{},be1512de,/home/yhz/local_iot/banckend/storage/trained_models/latest/FastText-Embed_Hyperopt/hyperopt/trial_be1512de/,0.2572774887084961,True,False,9,2026-04-15_14-37-24,1776235044,3.0471837520599365,3597582,ubunto,202.113.76.55,3.0471837520599365,9
"{""trainer.learning_rate"": 0.001, ""trainer.batch_size"": 64, ""input_features.text.encoder.dropout"": 0.1661567578247278}",0.3700000047683716,"{""training"": {""label"": {""accuracy"": [0.1555425375699997, 0.16325531899929047, 0.20553191006183624, 0.20928724110126495, 0.23777660727500916, 0.2696170210838318, 0.23100000619888306, 0.25008508563041687, 0.34605318307876587, 0.31230852007865906], ""accuracy_micro"": [0.18726591765880585, 0.17228464782238007, 0.24719101190567017, 0.20973782241344452, 0.26217228174209595, 0.26966291666030884, 0.26966291666030884, 0.2734082341194153, 0.3670412003993988, 0.33707866072654724], ""hits_at_k"": [0.5767127871513367, 0.5810851454734802, 0.6026915311813354, 0.5933829545974731, 0.6403829455375671, 0.6619575023651123, 0.6715744733810425, 0.6706807613372803, 0.68087238073349, 0.736425518989563], ""loss"": [6.035863876342773, 3.3379218578338623, 2.9674267768859863, 2.7246017456054688, 2.2198283672332764, 2.2268271446228027, 2.3128983974456787, 2.275012969970703, 2.0343852043151855, 1.8576446771621704], ""roc_auc"": [0.4657679498195648, 0.4791436195373535, 0.5153540372848511, 0.5106688737869263, 0.5434685945510864, 0.5753133893013, 0.5704909563064575, 0.5638845562934875, 0.6093183755874634, 0.6480189561843872]}, ""combined"": {""loss"": [6.035863876342773, 3.3379218578338623, 2.9674267768859863, 2.7246017456054688, 2.2198283672332764, 2.2268271446228027, 2.3128983974456787, 2.275012969970703, 2.0343852043151855, 1.8576446771621704]}}, ""validation"": {""label"": {""accuracy"": [0.20000000298023224, 0.22500000894069672, 0.125, 0.22500000894069672, 0.25833335518836975, 0.3149999976158142, 0.26499998569488525, 0.15000000596046448, 0.3700000047683716, 0.15000000596046448], ""accuracy_micro"": [0.2631579041481018, 0.07894736528396606, 0.1315789520740509, 0.28947368264198303, 0.15789473056793213, 0.2631579041481018, 0.1315789520740509, 0.15789473056793213, 0.2631579041481018, 0.15789473056793213], ""hits_at_k"": [0.5333333611488342, 0.4700000286102295, 0.6100000143051147, 0.6166666746139526, 0.6499999761581421, 0.6499999761581421, 0.5233333110809326, 0.6083333492279053, 0.6000000238418579, 0.7400000095367432], ""loss"": [2.7430613040924072, 3.983741044998169, 1.9941860437393188, 2.147404193878174, 2.2261791229248047, 2.1840035915374756, 1.995144248008728, 1.8759469985961914, 2.0989954471588135, 1.8362822532653809], ""roc_auc"": [0.46896976232528687, 0.5105494260787964, 0.475764662027359, 0.5200839638710022, 0.5042506456375122, 0.541146993637085, 0.5423535108566284, 0.5444048047065735, 0.5609561800956726, 0.5575068593025208]}, ""combined"": {""loss"": [2.7430613040924072, 3.983741044998169, 1.9941860437393188, 2.147404193878174, 2.2261791229248047, 2.1840035915374756, 1.995144248008728, 1.8759469985961914, 2.0989954471588135, 1.8362822532653809]}}, ""test"": {""label"": {""accuracy"": [0.16363635659217834, 0.1599999964237213, 0.12945599853992462, 0.16363635659217834, 0.18088752031326294, 0.1828877031803131, 0.19890421628952026, 0.21775320172309875, 0.20777183771133423, 0.2163655310869217], ""accuracy_micro"": [0.1184210553765297, 0.15789473056793213, 0.14473684132099152, 0.1184210553765297, 0.21052631735801697, 0.19736842811107635, 0.19736842811107635, 0.2368421107530594, 0.18421052396297455, 0.2368421107530594], ""hits_at_k"": [0.5396285057067871, 0.5416268110275269, 0.6029437184333801, 0.6120448112487793, 0.5859383940696716, 0.5777591466903687, 0.6279844641685486, 0.6225072741508484, 0.586860179901123, 0.55810546875], ""loss"": [3.850131034851074, 3.5042247772216797, 2.2105178833007812, 2.7487637996673584, 1.9954438209533691, 2.365992546081543, 2.0217769145965576, 1.8063050508499146, 2.2005834579467773, 1.762880802154541], ""roc_auc"": [0.4156227111816406, 0.4303514063358307, 0.42295974493026733, 0.4452725052833557, 0.44945916533470154, 0.4726030230522156, 0.5036201477050781, 0.5017178654670715, 0.5350149869918823, 0.5336533784866333]}, ""combined"": {""loss"": [3.850131034851074, 3.5042247772216797, 2.2105178833007812, 2.7487637996673584, 1.9954438209533691, 2.365992546081543, 2.0217769145965576, 1.8063050508499146, 2.2005834579467773, 1.762880802154541]}}}",{},be1512de,/home/yhz/local_iot/banckend/storage/trained_models/latest/FastText-Embed_Hyperopt/hyperopt/trial_be1512de/,0.06364560127258301,True,False,10,2026-04-15_14-37-24,1776235044,3.1108293533325195,3597582,ubunto,202.113.76.55,3.1108293533325195,10
"{""trainer.learning_rate"": 0.001, ""trainer.batch_size"": 64, ""input_features.text.encoder.dropout"": 0.1661567578247278}",0.3700000047683716,"{""training"": {""label"": {""accuracy"": [0.1555425375699997, 0.16325531899929047, 0.20553191006183624, 0.20928724110126495, 0.23777660727500916, 0.2696170210838318, 0.23100000619888306, 0.25008508563041687, 0.34605318307876587, 0.31230852007865906, 0.3180425465106964], ""accuracy_micro"": [0.18726591765880585, 0.17228464782238007, 0.24719101190567017, 0.20973782241344452, 0.26217228174209595, 0.26966291666030884, 0.26966291666030884, 0.2734082341194153, 0.3670412003993988, 0.33707866072654724, 0.3258427083492279], ""hits_at_k"": [0.5767127871513367, 0.5810851454734802, 0.6026915311813354, 0.5933829545974731, 0.6403829455375671, 0.6619575023651123, 0.6715744733810425, 0.6706807613372803, 0.68087238073349, 0.736425518989563, 0.7729254961013794], ""loss"": [6.035863876342773, 3.3379218578338623, 2.9674267768859863, 2.7246017456054688, 2.2198283672332764, 2.2268271446228027, 2.3128983974456787, 2.275012969970703, 2.0343852043151855, 1.8576446771621704, 1.8500497341156006], ""roc_auc"": [0.4657679498195648, 0.4791436195373535, 0.5153540372848511, 0.5106688737869263, 0.5434685945510864, 0.5753133893013, 0.5704909563064575, 0.5638845562934875, 0.6093183755874634, 0.6480189561843872, 0.6616143584251404]}, ""combined"": {""loss"": [6.035863876342773, 3.3379218578338623, 2.9674267768859863, 2.7246017456054688, 2.2198283672332764, 2.2268271446228027, 2.3128983974456787, 2.275012969970703, 2.0343852043151855, 1.8576446771621704, 1.8500497341156006]}}, ""validation"": {""label"": {""accuracy"": [0.20000000298023224, 0.22500000894069672, 0.125, 0.22500000894069672, 0.25833335518836975, 0.3149999976158142, 0.26499998569488525, 0.15000000596046448, 0.3700000047683716, 0.15000000596046448, 0.19499999284744263], ""accuracy_micro"": [0.2631579041481018, 0.07894736528396606, 0.1315789520740509, 0.28947368264198303, 0.15789473056793213, 0.2631579041481018, 0.1315789520740509, 0.15789473056793213, 0.2631579041481018, 0.15789473056793213, 0.21052631735801697], ""hits_at_k"": [0.5333333611488342, 0.4700000286102295, 0.6100000143051147, 0.6166666746139526, 0.6499999761581421, 0.6499999761581421, 0.5233333110809326, 0.6083333492279053, 0.6000000238418579, 0.7400000095367432, 0.6899999976158142], ""loss"": [2.7430613040924072, 3.983741044998169, 1.9941860437393188, 2.147404193878174, 2.2261791229248047, 2.1840035915374756, 1.995144248008728, 1.8759469985961914, 2.0989954471588135, 1.8362822532653809, 1.8718149662017822], ""roc_auc"": [0.46896976232528687, 0.5105494260787964, 0.475764662027359, 0.5200839638710022, 0.5042506456375122, 0.541146993637085, 0.5423535108566284, 0.5444048047065735, 0.5609561800956726, 0.5575068593025208, 0.5807982683181763]}, ""combined"": {""loss"": [2.7430613040924072, 3.983741044998169, 1.9941860437393188, 2.147404193878174, 2.2261791229248047, 2.1840035915374756, 1.995144248008728, 1.8759469985961914, 2.0989954471588135, 1.8362822532653809, 1.8718149662017822]}}, ""test"": {""label"": {""accuracy"": [0.16363635659217834, 0.1599999964237213, 0.12945599853992462, 0.16363635659217834, 0.18088752031326294, 0.1828877031803131, 0.19890421628952026, 0.21775320172309875, 0.20777183771133423, 0.2163655310869217, 0.23465240001678467], ""accuracy_micro"": [0.1184210553765297, 0.15789473056793213, 0.14473684132099152, 0.1184210553765297, 0.21052631735801697, 0.19736842811107635, 0.19736842811107635, 0.2368421107530594, 0.18421052396297455, 0.2368421107530594, 0.25], ""hits_at_k"": [0.5396285057067871, 0.5416268110275269, 0.6029437184333801, 0.6120448112487793, 0.5859383940696716, 0.5777591466903687, 0.6279844641685486, 0.6225072741508484, 0.586860179901123, 0.55810546875, 0.6122123599052429], ""loss"": [3.850131034851074, 3.5042247772216797, 2.2105178833007812, 2.7487637996673584, 1.9954438209533691, 2.365992546081543, 2.0217769145965576, 1.8063050508499146, 2.2005834579467773, 1.762880802154541, 1.9212344884872437], ""roc_auc"": [0.4156227111816406, 0.4303514063358307, 0.42295974493026733, 0.4452725052833557, 0.44945916533470154, 0.4726030230522156, 0.5036201477050781, 0.5017178654670715, 0.5350149869918823, 0.5336533784866333, 0.5476925373077393]}, ""combined"": {""loss"": [3.850131034851074, 3.5042247772216797, 2.2105178833007812, 2.7487637996673584, 1.9954438209533691, 2.365992546081543, 2.0217769145965576, 1.8063050508499146, 2.2005834579467773, 1.762880802154541, 1.9212344884872437]}}}",{},be1512de,/home/yhz/local_iot/banckend/storage/trained_models/latest/FastText-Embed_Hyperopt/hyperopt/trial_be1512de/,0.046730756759643555,True,False,11,2026-04-15_14-37-24,1776235044,3.157560110092163,3597582,ubunto,202.113.76.55,3.157560110092163,11
"{""trainer.learning_rate"": 0.001, ""trainer.batch_size"": 64, ""input_features.text.encoder.dropout"": 0.1661567578247278}",0.3700000047683716,"{""training"": {""label"": {""accuracy"": [0.1555425375699997, 0.16325531899929047, 0.20553191006183624, 0.20928724110126495, 0.23777660727500916, 0.2696170210838318, 0.23100000619888306, 0.25008508563041687, 0.34605318307876587, 0.31230852007865906, 0.3180425465106964, 0.35154256224632263], ""accuracy_micro"": [0.18726591765880585, 0.17228464782238007, 0.24719101190567017, 0.20973782241344452, 0.26217228174209595, 0.26966291666030884, 0.26966291666030884, 0.2734082341194153, 0.3670412003993988, 0.33707866072654724, 0.3258427083492279, 0.38576778769493103], ""hits_at_k"": [0.5767127871513367, 0.5810851454734802, 0.6026915311813354, 0.5933829545974731, 0.6403829455375671, 0.6619575023651123, 0.6715744733810425, 0.6706807613372803, 0.68087238073349, 0.736425518989563, 0.7729254961013794, 0.7281383275985718], ""loss"": [6.035863876342773, 3.3379218578338623, 2.9674267768859863, 2.7246017456054688, 2.2198283672332764, 2.2268271446228027, 2.3128983974456787, 2.275012969970703, 2.0343852043151855, 1.8576446771621704, 1.8500497341156006, 1.8141963481903076], ""roc_auc"": [0.4657679498195648, 0.4791436195373535, 0.5153540372848511, 0.5106688737869263, 0.5434685945510864, 0.5753133893013, 0.5704909563064575, 0.5638845562934875, 0.6093183755874634, 0.6480189561843872, 0.6616143584251404, 0.6689244508743286]}, ""combined"": {""loss"": [6.035863876342773, 3.3379218578338623, 2.9674267768859863, 2.7246017456054688, 2.2198283672332764, 2.2268271446228027, 2.3128983974456787, 2.275012969970703, 2.0343852043151855, 1.8576446771621704, 1.8500497341156006, 1.8141963481903076]}}, ""validation"": {""label"": {""accuracy"": [0.20000000298023224, 0.22500000894069672, 0.125, 0.22500000894069672, 0.25833335518836975, 0.3149999976158142, 0.26499998569488525, 0.15000000596046448, 0.3700000047683716, 0.15000000596046448, 0.19499999284744263, 0.24000000953674316], ""accuracy_micro"": [0.2631579041481018, 0.07894736528396606, 0.1315789520740509, 0.28947368264198303, 0.15789473056793213, 0.2631579041481018, 0.1315789520740509, 0.15789473056793213, 0.2631579041481018, 0.15789473056793213, 0.21052631735801697, 0.15789473056793213], ""hits_at_k"": [0.5333333611488342, 0.4700000286102295, 0.6100000143051147, 0.6166666746139526, 0.6499999761581421, 0.6499999761581421, 0.5233333110809326, 0.6083333492279053, 0.6000000238418579, 0.7400000095367432, 0.6899999976158142, 0.6766666769981384], ""loss"": [2.7430613040924072, 3.983741044998169, 1.9941860437393188, 2.147404193878174, 2.2261791229248047, 2.1840035915374756, 1.995144248008728, 1.8759469985961914, 2.0989954471588135, 1.8362822532653809, 1.8718149662017822, 1.8994919061660767], ""roc_auc"": [0.46896976232528687, 0.5105494260787964, 0.475764662027359, 0.5200839638710022, 0.5042506456375122, 0.541146993637085, 0.5423535108566284, 0.5444048047065735, 0.5609561800956726, 0.5575068593025208, 0.5807982683181763, 0.5903395414352417]}, ""combined"": {""loss"": [2.7430613040924072, 3.983741044998169, 1.9941860437393188, 2.147404193878174, 2.2261791229248047, 2.1840035915374756, 1.995144248008728, 1.8759469985961914, 2.0989954471588135, 1.8362822532653809, 1.8718149662017822, 1.8994919061660767]}}, ""test"": {""label"": {""accuracy"": [0.16363635659217834, 0.1599999964237213, 0.12945599853992462, 0.16363635659217834, 0.18088752031326294, 0.1828877031803131, 0.19890421628952026, 0.21775320172309875, 0.20777183771133423, 0.2163655310869217, 0.23465240001678467, 0.2949169874191284], ""accuracy_micro"": [0.1184210553765297, 0.15789473056793213, 0.14473684132099152, 0.1184210553765297, 0.21052631735801697, 0.19736842811107635, 0.19736842811107635, 0.2368421107530594, 0.18421052396297455, 0.2368421107530594, 0.25, 0.31578946113586426], ""hits_at_k"": [0.5396285057067871, 0.5416268110275269, 0.6029437184333801, 0.6120448112487793, 0.5859383940696716, 0.5777591466903687, 0.6279844641685486, 0.6225072741508484, 0.586860179901123, 0.55810546875, 0.6122123599052429, 0.7340064644813538], ""loss"": [3.850131034851074, 3.5042247772216797, 2.2105178833007812, 2.7487637996673584, 1.9954438209533691, 2.365992546081543, 2.0217769145965576, 1.8063050508499146, 2.2005834579467773, 1.762880802154541, 1.9212344884872437, 1.7933392524719238], ""roc_auc"": [0.4156227111816406, 0.4303514063358307, 0.42295974493026733, 0.4452725052833557, 0.44945916533470154, 0.4726030230522156, 0.5036201477050781, 0.5017178654670715, 0.5350149869918823, 0.5336533784866333, 0.5476925373077393, 0.5621615648269653]}, ""combined"": {""loss"": [3.850131034851074, 3.5042247772216797, 2.2105178833007812, 2.7487637996673584, 1.9954438209533691, 2.365992546081543, 2.0217769145965576, 1.8063050508499146, 2.2005834579467773, 1.762880802154541, 1.9212344884872437, 1.7933392524719238]}}}",{},be1512de,/home/yhz/local_iot/banckend/storage/trained_models/latest/FastText-Embed_Hyperopt/hyperopt/trial_be1512de/,0.17840218544006348,True,False,12,2026-04-15_14-37-24,1776235044,3.3359622955322266,3597582,ubunto,202.113.76.55,3.3359622955322266,12
"{""trainer.learning_rate"": 0.001, ""trainer.batch_size"": 64, ""input_features.text.encoder.dropout"": 0.1661567578247278}",0.3700000047683716,"{""training"": {""label"": {""accuracy"": [0.1555425375699997, 0.16325531899929047, 0.20553191006183624, 0.20928724110126495, 0.23777660727500916, 0.2696170210838318, 0.23100000619888306, 0.25008508563041687, 0.34605318307876587, 0.31230852007865906, 0.3180425465106964, 0.35154256224632263, 0.38557446002960205], ""accuracy_micro"": [0.18726591765880585, 0.17228464782238007, 0.24719101190567017, 0.20973782241344452, 0.26217228174209595, 0.26966291666030884, 0.26966291666030884, 0.2734082341194153, 0.3670412003993988, 0.33707866072654724, 0.3258427083492279, 0.38576778769493103, 0.41198500990867615], ""hits_at_k"": [0.5767127871513367, 0.5810851454734802, 0.6026915311813354, 0.5933829545974731, 0.6403829455375671, 0.6619575023651123, 0.6715744733810425, 0.6706807613372803, 0.68087238073349, 0.736425518989563, 0.7729254961013794, 0.7281383275985718, 0.7291702032089233], ""loss"": [6.035863876342773, 3.3379218578338623, 2.9674267768859863, 2.7246017456054688, 2.2198283672332764, 2.2268271446228027, 2.3128983974456787, 2.275012969970703, 2.0343852043151855, 1.8576446771621704, 1.8500497341156006, 1.8141963481903076, 1.720862627029419], ""roc_auc"": [0.4657679498195648, 0.4791436195373535, 0.5153540372848511, 0.5106688737869263, 0.5434685945510864, 0.5753133893013, 0.5704909563064575, 0.5638845562934875, 0.6093183755874634, 0.6480189561843872, 0.6616143584251404, 0.6689244508743286, 0.6840519905090332]}, ""combined"": {""loss"": [6.035863876342773, 3.3379218578338623, 2.9674267768859863, 2.7246017456054688, 2.2198283672332764, 2.2268271446228027, 2.3128983974456787, 2.275012969970703, 2.0343852043151855, 1.8576446771621704, 1.8500497341156006, 1.8141963481903076, 1.720862627029419]}}, ""validation"": {""label"": {""accuracy"": [0.20000000298023224, 0.22500000894069672, 0.125, 0.22500000894069672, 0.25833335518836975, 0.3149999976158142, 0.26499998569488525, 0.15000000596046448, 0.3700000047683716, 0.15000000596046448, 0.19499999284744263, 0.24000000953674316, 0.14166666567325592], ""accuracy_micro"": [0.2631579041481018, 0.07894736528396606, 0.1315789520740509, 0.28947368264198303, 0.15789473056793213, 0.2631579041481018, 0.1315789520740509, 0.15789473056793213, 0.2631579041481018, 0.15789473056793213, 0.21052631735801697, 0.15789473056793213, 0.15789473056793213], ""hits_at_k"": [0.5333333611488342, 0.4700000286102295, 0.6100000143051147, 0.6166666746139526, 0.6499999761581421, 0.6499999761581421, 0.5233333110809326, 0.6083333492279053, 0.6000000238418579, 0.7400000095367432, 0.6899999976158142, 0.6766666769981384, 0.7183333039283752], ""loss"": [2.7430613040924072, 3.983741044998169, 1.9941860437393188, 2.147404193878174, 2.2261791229248047, 2.1840035915374756, 1.995144248008728, 1.8759469985961914, 2.0989954471588135, 1.8362822532653809, 1.8718149662017822, 1.8994919061660767, 1.8039374351501465], ""roc_auc"": [0.46896976232528687, 0.5105494260787964, 0.475764662027359, 0.5200839638710022, 0.5042506456375122, 0.541146993637085, 0.5423535108566284, 0.5444048047065735, 0.5609561800956726, 0.5575068593025208, 0.5807982683181763, 0.5903395414352417, 0.5728525519371033]}, ""combined"": {""loss"": [2.7430613040924072, 3.983741044998169, 1.9941860437393188, 2.147404193878174, 2.2261791229248047, 2.1840035915374756, 1.995144248008728, 1.8759469985961914, 2.0989954471588135, 1.8362822532653809, 1.8718149662017822, 1.8994919061660767, 1.8039374351501465]}}, ""test"": {""label"": {""accuracy"": [0.16363635659217834, 0.1599999964237213, 0.12945599853992462, 0.16363635659217834, 0.18088752031326294, 0.1828877031803131, 0.19890421628952026, 0.21775320172309875, 0.20777183771133423, 0.2163655310869217, 0.23465240001678467, 0.2949169874191284, 0.2122689187526703], ""accuracy_micro"": [0.1184210553765297, 0.15789473056793213, 0.14473684132099152, 0.1184210553765297, 0.21052631735801697, 0.19736842811107635, 0.19736842811107635, 0.2368421107530594, 0.18421052396297455, 0.2368421107530594, 0.25, 0.31578946113586426, 0.22368420660495758], ""hits_at_k"": [0.5396285057067871, 0.5416268110275269, 0.6029437184333801, 0.6120448112487793, 0.5859383940696716, 0.5777591466903687, 0.6279844641685486, 0.6225072741508484, 0.586860179901123, 0.55810546875, 0.6122123599052429, 0.7340064644813538, 0.7282079458236694], ""loss"": [3.850131034851074, 3.5042247772216797, 2.2105178833007812, 2.7487637996673584, 1.9954438209533691, 2.365992546081543, 2.0217769145965576, 1.8063050508499146, 2.2005834579467773, 1.762880802154541, 1.9212344884872437, 1.7933392524719238, 1.8089253902435303], ""roc_auc"": [0.4156227111816406, 0.4303514063358307, 0.42295974493026733, 0.4452725052833557, 0.44945916533470154, 0.4726030230522156, 0.5036201477050781, 0.5017178654670715, 0.5350149869918823, 0.5336533784866333, 0.5476925373077393, 0.5621615648269653, 0.5602262616157532]}, ""combined"": {""loss"": [3.850131034851074, 3.5042247772216797, 2.2105178833007812, 2.7487637996673584, 1.9954438209533691, 2.365992546081543, 2.0217769145965576, 1.8063050508499146, 2.2005834579467773, 1.762880802154541, 1.9212344884872437, 1.7933392524719238, 1.8089253902435303]}}}",{},be1512de,/home/yhz/local_iot/banckend/storage/trained_models/latest/FastText-Embed_Hyperopt/hyperopt/trial_be1512de/,0.0625607967376709,True,False,13,2026-04-15_14-37-24,1776235044,3.3985230922698975,3597582,ubunto,202.113.76.55,3.3985230922698975,13
"{""trainer.learning_rate"": 0.001, ""trainer.batch_size"": 64, ""input_features.text.encoder.dropout"": 0.1661567578247278}",0.4099999964237213,"{""training"": {""label"": {""accuracy"": [0.1555425375699997, 0.16325531899929047, 0.20553191006183624, 0.20928724110126495, 0.23777660727500916, 0.2696170210838318, 0.23100000619888306, 0.25008508563041687, 0.34605318307876587, 0.31230852007865906, 0.3180425465106964, 0.35154256224632263, 0.38557446002960205, 0.37657445669174194], ""accuracy_micro"": [0.18726591765880585, 0.17228464782238007, 0.24719101190567017, 0.20973782241344452, 0.26217228174209595, 0.26966291666030884, 0.26966291666030884, 0.2734082341194153, 0.3670412003993988, 0.33707866072654724, 0.3258427083492279, 0.38576778769493103, 0.41198500990867615, 0.38576778769493103], ""hits_at_k"": [0.5767127871513367, 0.5810851454734802, 0.6026915311813354, 0.5933829545974731, 0.6403829455375671, 0.6619575023651123, 0.6715744733810425, 0.6706807613372803, 0.68087238073349, 0.736425518989563, 0.7729254961013794, 0.7281383275985718, 0.7291702032089233, 0.7327021360397339], ""loss"": [6.035863876342773, 3.3379218578338623, 2.9674267768859863, 2.7246017456054688, 2.2198283672332764, 2.2268271446228027, 2.3128983974456787, 2.275012969970703, 2.0343852043151855, 1.8576446771621704, 1.8500497341156006, 1.8141963481903076, 1.720862627029419, 1.7243493795394897], ""roc_auc"": [0.4657679498195648, 0.4791436195373535, 0.5153540372848511, 0.5106688737869263, 0.5434685945510864, 0.5753133893013, 0.5704909563064575, 0.5638845562934875, 0.6093183755874634, 0.6480189561843872, 0.6616143584251404, 0.6689244508743286, 0.6840519905090332, 0.6826310753822327]}, ""combined"": {""loss"": [6.035863876342773, 3.3379218578338623, 2.9674267768859863, 2.7246017456054688, 2.2198283672332764, 2.2268271446228027, 2.3128983974456787, 2.275012969970703, 2.0343852043151855, 1.8576446771621704, 1.8500497341156006, 1.8141963481903076, 1.720862627029419, 1.7243493795394897]}}, ""validation"": {""label"": {""accuracy"": [0.20000000298023224, 0.22500000894069672, 0.125, 0.22500000894069672, 0.25833335518836975, 0.3149999976158142, 0.26499998569488525, 0.15000000596046448, 0.3700000047683716, 0.15000000596046448, 0.19499999284744263, 0.24000000953674316, 0.14166666567325592, 0.4099999964237213], ""accuracy_micro"": [0.2631579041481018, 0.07894736528396606, 0.1315789520740509, 0.28947368264198303, 0.15789473056793213, 0.2631579041481018, 0.1315789520740509, 0.15789473056793213, 0.2631579041481018, 0.15789473056793213, 0.21052631735801697, 0.15789473056793213, 0.15789473056793213, 0.3947368562221527], ""hits_at_k"": [0.5333333611488342, 0.4700000286102295, 0.6100000143051147, 0.6166666746139526, 0.6499999761581421, 0.6499999761581421, 0.5233333110809326, 0.6083333492279053, 0.6000000238418579, 0.7400000095367432, 0.6899999976158142, 0.6766666769981384, 0.7183333039283752, 0.6466667056083679], ""loss"": [2.7430613040924072, 3.983741044998169, 1.9941860437393188, 2.147404193878174, 2.2261791229248047, 2.1840035915374756, 1.995144248008728, 1.8759469985961914, 2.0989954471588135, 1.8362822532653809, 1.8718149662017822, 1.8994919061660767, 1.8039374351501465, 1.9076112508773804], ""roc_auc"": [0.46896976232528687, 0.5105494260787964, 0.475764662027359, 0.5200839638710022, 0.5042506456375122, 0.541146993637085, 0.5423535108566284, 0.5444048047065735, 0.5609561800956726, 0.5575068593025208, 0.5807982683181763, 0.5903395414352417, 0.5728525519371033, 0.6042040586471558]}, ""combined"": {""loss"": [2.7430613040924072, 3.983741044998169, 1.9941860437393188, 2.147404193878174, 2.2261791229248047, 2.1840035915374756, 1.995144248008728, 1.8759469985961914, 2.0989954471588135, 1.8362822532653809, 1.8718149662017822, 1.8994919061660767, 1.8039374351501465, 1.9076112508773804]}}, ""test"": {""label"": {""accuracy"": [0.16363635659217834, 0.1599999964237213, 0.12945599853992462, 0.16363635659217834, 0.18088752031326294, 0.1828877031803131, 0.19890421628952026, 0.21775320172309875, 0.20777183771133423, 0.2163655310869217, 0.23465240001678467, 0.2949169874191284, 0.2122689187526703, 0.28779059648513794], ""accuracy_micro"": [0.1184210553765297, 0.15789473056793213, 0.14473684132099152, 0.1184210553765297, 0.21052631735801697, 0.19736842811107635, 0.19736842811107635, 0.2368421107530594, 0.18421052396297455, 0.2368421107530594, 0.25, 0.31578946113586426, 0.22368420660495758, 0.2763157784938812], ""hits_at_k"": [0.5396285057067871, 0.5416268110275269, 0.6029437184333801, 0.6120448112487793, 0.5859383940696716, 0.5777591466903687, 0.6279844641685486, 0.6225072741508484, 0.586860179901123, 0.55810546875, 0.6122123599052429, 0.7340064644813538, 0.7282079458236694, 0.7083845734596252], ""loss"": [3.850131034851074, 3.5042247772216797, 2.2105178833007812, 2.7487637996673584, 1.9954438209533691, 2.365992546081543, 2.0217769145965576, 1.8063050508499146, 2.2005834579467773, 1.762880802154541, 1.9212344884872437, 1.7933392524719238, 1.8089253902435303, 1.8513901233673096], ""roc_auc"": [0.4156227111816406, 0.4303514063358307, 0.42295974493026733, 0.4452725052833557, 0.44945916533470154, 0.4726030230522156, 0.5036201477050781, 0.5017178654670715, 0.5350149869918823, 0.5336533784866333, 0.5476925373077393, 0.5621615648269653, 0.5602262616157532, 0.5728326439857483]}, ""combined"": {""loss"": [3.850131034851074, 3.5042247772216797, 2.2105178833007812, 2.7487637996673584, 1.9954438209533691, 2.365992546081543, 2.0217769145965576, 1.8063050508499146, 2.2005834579467773, 1.762880802154541, 1.9212344884872437, 1.7933392524719238, 1.8089253902435303, 1.8513901233673096]}}}",{},be1512de,/home/yhz/local_iot/banckend/storage/trained_models/latest/FastText-Embed_Hyperopt/hyperopt/trial_be1512de/,0.07474303245544434,True,False,14,2026-04-15_14-37-24,1776235044,3.473266124725342,3597582,ubunto,202.113.76.55,3.473266124725342,14
"{""trainer.learning_rate"": 0.001, ""trainer.batch_size"": 64, ""input_features.text.encoder.dropout"": 0.1661567578247278}",0.4099999964237213,"{""training"": {""label"": {""accuracy"": [0.1555425375699997, 0.16325531899929047, 0.20553191006183624, 0.20928724110126495, 0.23777660727500916, 0.2696170210838318, 0.23100000619888306, 0.25008508563041687, 0.34605318307876587, 0.31230852007865906, 0.3180425465106964, 0.35154256224632263, 0.38557446002960205, 0.37657445669174194, 0.4188191890716553], ""accuracy_micro"": [0.18726591765880585, 0.17228464782238007, 0.24719101190567017, 0.20973782241344452, 0.26217228174209595, 0.26966291666030884, 0.26966291666030884, 0.2734082341194153, 0.3670412003993988, 0.33707866072654724, 0.3258427083492279, 0.38576778769493103, 0.41198500990867615, 0.38576778769493103, 0.4606741666793823], ""hits_at_k"": [0.5767127871513367, 0.5810851454734802, 0.6026915311813354, 0.5933829545974731, 0.6403829455375671, 0.6619575023651123, 0.6715744733810425, 0.6706807613372803, 0.68087238073349, 0.736425518989563, 0.7729254961013794, 0.7281383275985718, 0.7291702032089233, 0.7327021360397339, 0.8282021284103394], ""loss"": [6.035863876342773, 3.3379218578338623, 2.9674267768859863, 2.7246017456054688, 2.2198283672332764, 2.2268271446228027, 2.3128983974456787, 2.275012969970703, 2.0343852043151855, 1.8576446771621704, 1.8500497341156006, 1.8141963481903076, 1.720862627029419, 1.7243493795394897, 1.5626251697540283], ""roc_auc"": [0.4657679498195648, 0.4791436195373535, 0.5153540372848511, 0.5106688737869263, 0.5434685945510864, 0.5753133893013, 0.5704909563064575, 0.5638845562934875, 0.6093183755874634, 0.6480189561843872, 0.6616143584251404, 0.6689244508743286, 0.6840519905090332, 0.6826310753822327, 0.7547243237495422]}, ""combined"": {""loss"": [6.035863876342773, 3.3379218578338623, 2.9674267768859863, 2.7246017456054688, 2.2198283672332764, 2.2268271446228027, 2.3128983974456787, 2.275012969970703, 2.0343852043151855, 1.8576446771621704, 1.8500497341156006, 1.8141963481903076, 1.720862627029419, 1.7243493795394897, 1.5626251697540283]}}, ""validation"": {""label"": {""accuracy"": [0.20000000298023224, 0.22500000894069672, 0.125, 0.22500000894069672, 0.25833335518836975, 0.3149999976158142, 0.26499998569488525, 0.15000000596046448, 0.3700000047683716, 0.15000000596046448, 0.19499999284744263, 0.24000000953674316, 0.14166666567325592, 0.4099999964237213, 0.2016666680574417], ""accuracy_micro"": [0.2631579041481018, 0.07894736528396606, 0.1315789520740509, 0.28947368264198303, 0.15789473056793213, 0.2631579041481018, 0.1315789520740509, 0.15789473056793213, 0.2631579041481018, 0.15789473056793213, 0.21052631735801697, 0.15789473056793213, 0.15789473056793213, 0.3947368562221527, 0.2368421107530594], ""hits_at_k"": [0.5333333611488342, 0.4700000286102295, 0.6100000143051147, 0.6166666746139526, 0.6499999761581421, 0.6499999761581421, 0.5233333110809326, 0.6083333492279053, 0.6000000238418579, 0.7400000095367432, 0.6899999976158142, 0.6766666769981384, 0.7183333039283752, 0.6466667056083679, 0.7400000095367432], ""loss"": [2.7430613040924072, 3.983741044998169, 1.9941860437393188, 2.147404193878174, 2.2261791229248047, 2.1840035915374756, 1.995144248008728, 1.8759469985961914, 2.0989954471588135, 1.8362822532653809, 1.8718149662017822, 1.8994919061660767, 1.8039374351501465, 1.9076112508773804, 1.6934467554092407], ""roc_auc"": [0.46896976232528687, 0.5105494260787964, 0.475764662027359, 0.5200839638710022, 0.5042506456375122, 0.541146993637085, 0.5423535108566284, 0.5444048047065735, 0.5609561800956726, 0.5575068593025208, 0.5807982683181763, 0.5903395414352417, 0.5728525519371033, 0.6042040586471558, 0.5950427055358887]}, ""combined"": {""loss"": [2.7430613040924072, 3.983741044998169, 1.9941860437393188, 2.147404193878174, 2.2261791229248047, 2.1840035915374756, 1.995144248008728, 1.8759469985961914, 2.0989954471588135, 1.8362822532653809, 1.8718149662017822, 1.8994919061660767, 1.8039374351501465, 1.9076112508773804, 1.6934467554092407]}}, ""test"": {""label"": {""accuracy"": [0.16363635659217834, 0.1599999964237213, 0.12945599853992462, 0.16363635659217834, 0.18088752031326294, 0.1828877031803131, 0.19890421628952026, 0.21775320172309875, 0.20777183771133423, 0.2163655310869217, 0.23465240001678467, 0.2949169874191284, 0.2122689187526703, 0.28779059648513794, 0.2530398368835449], ""accuracy_micro"": [0.1184210553765297, 0.15789473056793213, 0.14473684132099152, 0.1184210553765297, 0.21052631735801697, 0.19736842811107635, 0.19736842811107635, 0.2368421107530594, 0.18421052396297455, 0.2368421107530594, 0.25, 0.31578946113586426, 0.22368420660495758, 0.2763157784938812, 0.25], ""hits_at_k"": [0.5396285057067871, 0.5416268110275269, 0.6029437184333801, 0.6120448112487793, 0.5859383940696716, 0.5777591466903687, 0.6279844641685486, 0.6225072741508484, 0.586860179901123, 0.55810546875, 0.6122123599052429, 0.7340064644813538, 0.7282079458236694, 0.7083845734596252, 0.7345486879348755], ""loss"": [3.850131034851074, 3.5042247772216797, 2.2105178833007812, 2.7487637996673584, 1.9954438209533691, 2.365992546081543, 2.0217769145965576, 1.8063050508499146, 2.2005834579467773, 1.762880802154541, 1.9212344884872437, 1.7933392524719238, 1.8089253902435303, 1.8513901233673096, 1.7359180450439453], ""roc_auc"": [0.4156227111816406, 0.4303514063358307, 0.42295974493026733, 0.4452725052833557, 0.44945916533470154, 0.4726030230522156, 0.5036201477050781, 0.5017178654670715, 0.5350149869918823, 0.5336533784866333, 0.5476925373077393, 0.5621615648269653, 0.5602262616157532, 0.5728326439857483, 0.5728467702865601]}, ""combined"": {""loss"": [3.850131034851074, 3.5042247772216797, 2.2105178833007812, 2.7487637996673584, 1.9954438209533691, 2.365992546081543, 2.0217769145965576, 1.8063050508499146, 2.2005834579467773, 1.762880802154541, 1.9212344884872437, 1.7933392524719238, 1.8089253902435303, 1.8513901233673096, 1.7359180450439453]}}}",{},be1512de,/home/yhz/local_iot/banckend/storage/trained_models/latest/FastText-Embed_Hyperopt/hyperopt/trial_be1512de/,0.0416412353515625,True,False,15,2026-04-15_14-37-24,1776235044,3.5149073600769043,3597582,ubunto,202.113.76.55,3.5149073600769043,15
"{""trainer.learning_rate"": 0.001, ""trainer.batch_size"": 64, ""input_features.text.encoder.dropout"": 0.1661567578247278}",0.4099999964237213,"{""training"": {""label"": {""accuracy"": [0.1555425375699997, 0.16325531899929047, 0.20553191006183624, 0.20928724110126495, 0.23777660727500916, 0.2696170210838318, 0.23100000619888306, 0.25008508563041687, 0.34605318307876587, 0.31230852007865906, 0.3180425465106964, 0.35154256224632263, 0.38557446002960205, 0.37657445669174194, 0.4188191890716553, 0.39059579372406006], ""accuracy_micro"": [0.18726591765880585, 0.17228464782238007, 0.24719101190567017, 0.20973782241344452, 0.26217228174209595, 0.26966291666030884, 0.26966291666030884, 0.2734082341194153, 0.3670412003993988, 0.33707866072654724, 0.3258427083492279, 0.38576778769493103, 0.41198500990867615, 0.38576778769493103, 0.4606741666793823, 0.3932584226131439], ""hits_at_k"": [0.5767127871513367, 0.5810851454734802, 0.6026915311813354, 0.5933829545974731, 0.6403829455375671, 0.6619575023651123, 0.6715744733810425, 0.6706807613372803, 0.68087238073349, 0.736425518989563, 0.7729254961013794, 0.7281383275985718, 0.7291702032089233, 0.7327021360397339, 0.8282021284103394, 0.8604574203491211], ""loss"": [6.035863876342773, 3.3379218578338623, 2.9674267768859863, 2.7246017456054688, 2.2198283672332764, 2.2268271446228027, 2.3128983974456787, 2.275012969970703, 2.0343852043151855, 1.8576446771621704, 1.8500497341156006, 1.8141963481903076, 1.720862627029419, 1.7243493795394897, 1.5626251697540283, 1.4770963191986084], ""roc_auc"": [0.4657679498195648, 0.4791436195373535, 0.5153540372848511, 0.5106688737869263, 0.5434685945510864, 0.5753133893013, 0.5704909563064575, 0.5638845562934875, 0.6093183755874634, 0.6480189561843872, 0.6616143584251404, 0.6689244508743286, 0.6840519905090332, 0.6826310753822327, 0.7547243237495422, 0.739378035068512]}, ""combined"": {""loss"": [6.035863876342773, 3.3379218578338623, 2.9674267768859863, 2.7246017456054688, 2.2198283672332764, 2.2268271446228027, 2.3128983974456787, 2.275012969970703, 2.0343852043151855, 1.8576446771621704, 1.8500497341156006, 1.8141963481903076, 1.720862627029419, 1.7243493795394897, 1.5626251697540283, 1.4770963191986084]}}, ""validation"": {""label"": {""accuracy"": [0.20000000298023224, 0.22500000894069672, 0.125, 0.22500000894069672, 0.25833335518836975, 0.3149999976158142, 0.26499998569488525, 0.15000000596046448, 0.3700000047683716, 0.15000000596046448, 0.19499999284744263, 0.24000000953674316, 0.14166666567325592, 0.4099999964237213, 0.2016666680574417, 0.2750000059604645], ""accuracy_micro"": [0.2631579041481018, 0.07894736528396606, 0.1315789520740509, 0.28947368264198303, 0.15789473056793213, 0.2631579041481018, 0.1315789520740509, 0.15789473056793213, 0.2631579041481018, 0.15789473056793213, 0.21052631735801697, 0.15789473056793213, 0.15789473056793213, 0.3947368562221527, 0.2368421107530594, 0.31578946113586426], ""hits_at_k"": [0.5333333611488342, 0.4700000286102295, 0.6100000143051147, 0.6166666746139526, 0.6499999761581421, 0.6499999761581421, 0.5233333110809326, 0.6083333492279053, 0.6000000238418579, 0.7400000095367432, 0.6899999976158142, 0.6766666769981384, 0.7183333039283752, 0.6466667056083679, 0.7400000095367432, 0.6599999666213989], ""loss"": [2.7430613040924072, 3.983741044998169, 1.9941860437393188, 2.147404193878174, 2.2261791229248047, 2.1840035915374756, 1.995144248008728, 1.8759469985961914, 2.0989954471588135, 1.8362822532653809, 1.8718149662017822, 1.8994919061660767, 1.8039374351501465, 1.9076112508773804, 1.6934467554092407, 1.9488294124603271], ""roc_auc"": [0.46896976232528687, 0.5105494260787964, 0.475764662027359, 0.5200839638710022, 0.5042506456375122, 0.541146993637085, 0.5423535108566284, 0.5444048047065735, 0.5609561800956726, 0.5575068593025208, 0.5807982683181763, 0.5903395414352417, 0.5728525519371033, 0.6042040586471558, 0.5950427055358887, 0.5914857983589172]}, ""combined"": {""loss"": [2.7430613040924072, 3.983741044998169, 1.9941860437393188, 2.147404193878174, 2.2261791229248047, 2.1840035915374756, 1.995144248008728, 1.8759469985961914, 2.0989954471588135, 1.8362822532653809, 1.8718149662017822, 1.8994919061660767, 1.8039374351501465, 1.9076112508773804, 1.6934467554092407, 1.9488294124603271]}}, ""test"": {""label"": {""accuracy"": [0.16363635659217834, 0.1599999964237213, 0.12945599853992462, 0.16363635659217834, 0.18088752031326294, 0.1828877031803131, 0.19890421628952026, 0.21775320172309875, 0.20777183771133423, 0.2163655310869217, 0.23465240001678467, 0.2949169874191284, 0.2122689187526703, 0.28779059648513794, 0.2530398368835449, 0.30614128708839417], ""accuracy_micro"": [0.1184210553765297, 0.15789473056793213, 0.14473684132099152, 0.1184210553765297, 0.21052631735801697, 0.19736842811107635, 0.19736842811107635, 0.2368421107530594, 0.18421052396297455, 0.2368421107530594, 0.25, 0.31578946113586426, 0.22368420660495758, 0.2763157784938812, 0.25, 0.30263158679008484], ""hits_at_k"": [0.5396285057067871, 0.5416268110275269, 0.6029437184333801, 0.6120448112487793, 0.5859383940696716, 0.5777591466903687, 0.6279844641685486, 0.6225072741508484, 0.586860179901123, 0.55810546875, 0.6122123599052429, 0.7340064644813538, 0.7282079458236694, 0.7083845734596252, 0.7345486879348755, 0.6721440553665161], ""loss"": [3.850131034851074, 3.5042247772216797, 2.2105178833007812, 2.7487637996673584, 1.9954438209533691, 2.365992546081543, 2.0217769145965576, 1.8063050508499146, 2.2005834579467773, 1.762880802154541, 1.9212344884872437, 1.7933392524719238, 1.8089253902435303, 1.8513901233673096, 1.7359180450439453, 1.8887765407562256], ""roc_auc"": [0.4156227111816406, 0.4303514063358307, 0.42295974493026733, 0.4452725052833557, 0.44945916533470154, 0.4726030230522156, 0.5036201477050781, 0.5017178654670715, 0.5350149869918823, 0.5336533784866333, 0.5476925373077393, 0.5621615648269653, 0.5602262616157532, 0.5728326439857483, 0.5728467702865601, 0.5709461569786072]}, ""combined"": {""loss"": [3.850131034851074, 3.5042247772216797, 2.2105178833007812, 2.7487637996673584, 1.9954438209533691, 2.365992546081543, 2.0217769145965576, 1.8063050508499146, 2.2005834579467773, 1.762880802154541, 1.9212344884872437, 1.7933392524719238, 1.8089253902435303, 1.8513901233673096, 1.7359180450439453, 1.8887765407562256]}}}",{},be1512de,/home/yhz/local_iot/banckend/storage/trained_models/latest/FastText-Embed_Hyperopt/hyperopt/trial_be1512de/,0.0423588752746582,True,False,16,2026-04-15_14-37-24,1776235044,3.5572662353515625,3597582,ubunto,202.113.76.55,3.5572662353515625,16
"{""trainer.learning_rate"": 0.001, ""trainer.batch_size"": 64, ""input_features.text.encoder.dropout"": 0.1661567578247278}",0.4099999964237213,"{""training"": {""label"": {""accuracy"": [0.1555425375699997, 0.16325531899929047, 0.20553191006183624, 0.20928724110126495, 0.23777660727500916, 0.2696170210838318, 0.23100000619888306, 0.25008508563041687, 0.34605318307876587, 0.31230852007865906, 0.3180425465106964, 0.35154256224632263, 0.38557446002960205, 0.37657445669174194, 0.4188191890716553, 0.39059579372406006, 0.41654258966445923], ""accuracy_micro"": [0.18726591765880585, 0.17228464782238007, 0.24719101190567017, 0.20973782241344452, 0.26217228174209595, 0.26966291666030884, 0.26966291666030884, 0.2734082341194153, 0.3670412003993988, 0.33707866072654724, 0.3258427083492279, 0.38576778769493103, 0.41198500990867615, 0.38576778769493103, 0.4606741666793823, 0.3932584226131439, 0.4569288492202759], ""hits_at_k"": [0.5767127871513367, 0.5810851454734802, 0.6026915311813354, 0.5933829545974731, 0.6403829455375671, 0.6619575023651123, 0.6715744733810425, 0.6706807613372803, 0.68087238073349, 0.736425518989563, 0.7729254961013794, 0.7281383275985718, 0.7291702032089233, 0.7327021360397339, 0.8282021284103394, 0.8604574203491211, 0.8536914587020874], ""loss"": [6.035863876342773, 3.3379218578338623, 2.9674267768859863, 2.7246017456054688, 2.2198283672332764, 2.2268271446228027, 2.3128983974456787, 2.275012969970703, 2.0343852043151855, 1.8576446771621704, 1.8500497341156006, 1.8141963481903076, 1.720862627029419, 1.7243493795394897, 1.5626251697540283, 1.4770963191986084, 1.4797194004058838], ""roc_auc"": [0.4657679498195648, 0.4791436195373535, 0.5153540372848511, 0.5106688737869263, 0.5434685945510864, 0.5753133893013, 0.5704909563064575, 0.5638845562934875, 0.6093183755874634, 0.6480189561843872, 0.6616143584251404, 0.6689244508743286, 0.6840519905090332, 0.6826310753822327, 0.7547243237495422, 0.739378035068512, 0.765280544757843]}, ""combined"": {""loss"": [6.035863876342773, 3.3379218578338623, 2.9674267768859863, 2.7246017456054688, 2.2198283672332764, 2.2268271446228027, 2.3128983974456787, 2.275012969970703, 2.0343852043151855, 1.8576446771621704, 1.8500497341156006, 1.8141963481903076, 1.720862627029419, 1.7243493795394897, 1.5626251697540283, 1.4770963191986084, 1.4797194004058838]}}, ""validation"": {""label"": {""accuracy"": [0.20000000298023224, 0.22500000894069672, 0.125, 0.22500000894069672, 0.25833335518836975, 0.3149999976158142, 0.26499998569488525, 0.15000000596046448, 0.3700000047683716, 0.15000000596046448, 0.19499999284744263, 0.24000000953674316, 0.14166666567325592, 0.4099999964237213, 0.2016666680574417, 0.2750000059604645, 0.19499999284744263], ""accuracy_micro"": [0.2631579041481018, 0.07894736528396606, 0.1315789520740509, 0.28947368264198303, 0.15789473056793213, 0.2631579041481018, 0.1315789520740509, 0.15789473056793213, 0.2631579041481018, 0.15789473056793213, 0.21052631735801697, 0.15789473056793213, 0.15789473056793213, 0.3947368562221527, 0.2368421107530594, 0.31578946113586426, 0.2368421107530594], ""hits_at_k"": [0.5333333611488342, 0.4700000286102295, 0.6100000143051147, 0.6166666746139526, 0.6499999761581421, 0.6499999761581421, 0.5233333110809326, 0.6083333492279053, 0.6000000238418579, 0.7400000095367432, 0.6899999976158142, 0.6766666769981384, 0.7183333039283752, 0.6466667056083679, 0.7400000095367432, 0.6599999666213989, 0.731666624546051], ""loss"": [2.7430613040924072, 3.983741044998169, 1.9941860437393188, 2.147404193878174, 2.2261791229248047, 2.1840035915374756, 1.995144248008728, 1.8759469985961914, 2.0989954471588135, 1.8362822532653809, 1.8718149662017822, 1.8994919061660767, 1.8039374351501465, 1.9076112508773804, 1.6934467554092407, 1.9488294124603271, 1.759596347808838], ""roc_auc"": [0.46896976232528687, 0.5105494260787964, 0.475764662027359, 0.5200839638710022, 0.5042506456375122, 0.541146993637085, 0.5423535108566284, 0.5444048047065735, 0.5609561800956726, 0.5575068593025208, 0.5807982683181763, 0.5903395414352417, 0.5728525519371033, 0.6042040586471558, 0.5950427055358887, 0.5914857983589172, 0.5799366235733032]}, ""combined"": {""loss"": [2.7430613040924072, 3.983741044998169, 1.9941860437393188, 2.147404193878174, 2.2261791229248047, 2.1840035915374756, 1.995144248008728, 1.8759469985961914, 2.0989954471588135, 1.8362822532653809, 1.8718149662017822, 1.8994919061660767, 1.8039374351501465, 1.9076112508773804, 1.6934467554092407, 1.9488294124603271, 1.759596347808838]}}, ""test"": {""label"": {""accuracy"": [0.16363635659217834, 0.1599999964237213, 0.12945599853992462, 0.16363635659217834, 0.18088752031326294, 0.1828877031803131, 0.19890421628952026, 0.21775320172309875, 0.20777183771133423, 0.2163655310869217, 0.23465240001678467, 0.2949169874191284, 0.2122689187526703, 0.28779059648513794, 0.2530398368835449, 0.30614128708839417, 0.24481900036334991], ""accuracy_micro"": [0.1184210553765297, 0.15789473056793213, 0.14473684132099152, 0.1184210553765297, 0.21052631735801697, 0.19736842811107635, 0.19736842811107635, 0.2368421107530594, 0.18421052396297455, 0.2368421107530594, 0.25, 0.31578946113586426, 0.22368420660495758, 0.2763157784938812, 0.25, 0.30263158679008484, 0.25], ""hits_at_k"": [0.5396285057067871, 0.5416268110275269, 0.6029437184333801, 0.6120448112487793, 0.5859383940696716, 0.5777591466903687, 0.6279844641685486, 0.6225072741508484, 0.586860179901123, 0.55810546875, 0.6122123599052429, 0.7340064644813538, 0.7282079458236694, 0.7083845734596252, 0.7345486879348755, 0.6721440553665161, 0.7112128138542175], ""loss"": [3.850131034851074, 3.5042247772216797, 2.2105178833007812, 2.7487637996673584, 1.9954438209533691, 2.365992546081543, 2.0217769145965576, 1.8063050508499146, 2.2005834579467773, 1.762880802154541, 1.9212344884872437, 1.7933392524719238, 1.8089253902435303, 1.8513901233673096, 1.7359180450439453, 1.8887765407562256, 1.8123092651367188], ""roc_auc"": [0.4156227111816406, 0.4303514063358307, 0.42295974493026733, 0.4452725052833557, 0.44945916533470154, 0.4726030230522156, 0.5036201477050781, 0.5017178654670715, 0.5350149869918823, 0.5336533784866333, 0.5476925373077393, 0.5621615648269653, 0.5602262616157532, 0.5728326439857483, 0.5728467702865601, 0.5709461569786072, 0.5725436806678772]}, ""combined"": {""loss"": [3.850131034851074, 3.5042247772216797, 2.2105178833007812, 2.7487637996673584, 1.9954438209533691, 2.365992546081543, 2.0217769145965576, 1.8063050508499146, 2.2005834579467773, 1.762880802154541, 1.9212344884872437, 1.7933392524719238, 1.8089253902435303, 1.8513901233673096, 1.7359180450439453, 1.8887765407562256, 1.8123092651367188]}}}",{},be1512de,/home/yhz/local_iot/banckend/storage/trained_models/latest/FastText-Embed_Hyperopt/hyperopt/trial_be1512de/,0.04278731346130371,True,False,17,2026-04-15_14-37-24,1776235044,3.600053548812866,3597582,ubunto,202.113.76.55,3.600053548812866,17
"{""trainer.learning_rate"": 0.001, ""trainer.batch_size"": 64, ""input_features.text.encoder.dropout"": 0.1661567578247278}",0.4099999964237213,"{""training"": {""label"": {""accuracy"": [0.1555425375699997, 0.16325531899929047, 0.20553191006183624, 0.20928724110126495, 0.23777660727500916, 0.2696170210838318, 0.23100000619888306, 0.25008508563041687, 0.34605318307876587, 0.31230852007865906, 0.3180425465106964, 0.35154256224632263, 0.38557446002960205, 0.37657445669174194, 0.4188191890716553, 0.39059579372406006, 0.41654258966445923, 0.5054042339324951], ""accuracy_micro"": [0.18726591765880585, 0.17228464782238007, 0.24719101190567017, 0.20973782241344452, 0.26217228174209595, 0.26966291666030884, 0.26966291666030884, 0.2734082341194153, 0.3670412003993988, 0.33707866072654724, 0.3258427083492279, 0.38576778769493103, 0.41198500990867615, 0.38576778769493103, 0.4606741666793823, 0.3932584226131439, 0.4569288492202759, 0.49438202381134033], ""hits_at_k"": [0.5767127871513367, 0.5810851454734802, 0.6026915311813354, 0.5933829545974731, 0.6403829455375671, 0.6619575023651123, 0.6715744733810425, 0.6706807613372803, 0.68087238073349, 0.736425518989563, 0.7729254961013794, 0.7281383275985718, 0.7291702032089233, 0.7327021360397339, 0.8282021284103394, 0.8604574203491211, 0.8536914587020874, 0.8024574518203735], ""loss"": [6.035863876342773, 3.3379218578338623, 2.9674267768859863, 2.7246017456054688, 2.2198283672332764, 2.2268271446228027, 2.3128983974456787, 2.275012969970703, 2.0343852043151855, 1.8576446771621704, 1.8500497341156006, 1.8141963481903076, 1.720862627029419, 1.7243493795394897, 1.5626251697540283, 1.4770963191986084, 1.4797194004058838, 1.5017509460449219], ""roc_auc"": [0.4657679498195648, 0.4791436195373535, 0.5153540372848511, 0.5106688737869263, 0.5434685945510864, 0.5753133893013, 0.5704909563064575, 0.5638845562934875, 0.6093183755874634, 0.6480189561843872, 0.6616143584251404, 0.6689244508743286, 0.6840519905090332, 0.6826310753822327, 0.7547243237495422, 0.739378035068512, 0.765280544757843, 0.7726050019264221]}, ""combined"": {""loss"": [6.035863876342773, 3.3379218578338623, 2.9674267768859863, 2.7246017456054688, 2.2198283672332764, 2.2268271446228027, 2.3128983974456787, 2.275012969970703, 2.0343852043151855, 1.8576446771621704, 1.8500497341156006, 1.8141963481903076, 1.720862627029419, 1.7243493795394897, 1.5626251697540283, 1.4770963191986084, 1.4797194004058838, 1.5017509460449219]}}, ""validation"": {""label"": {""accuracy"": [0.20000000298023224, 0.22500000894069672, 0.125, 0.22500000894069672, 0.25833335518836975, 0.3149999976158142, 0.26499998569488525, 0.15000000596046448, 0.3700000047683716, 0.15000000596046448, 0.19499999284744263, 0.24000000953674316, 0.14166666567325592, 0.4099999964237213, 0.2016666680574417, 0.2750000059604645, 0.19499999284744263, 0.39500001072883606], ""accuracy_micro"": [0.2631579041481018, 0.07894736528396606, 0.1315789520740509, 0.28947368264198303, 0.15789473056793213, 0.2631579041481018, 0.1315789520740509, 0.15789473056793213, 0.2631579041481018, 0.15789473056793213, 0.21052631735801697, 0.15789473056793213, 0.15789473056793213, 0.3947368562221527, 0.2368421107530594, 0.31578946113586426, 0.2368421107530594, 0.3684210479259491], ""hits_at_k"": [0.5333333611488342, 0.4700000286102295, 0.6100000143051147, 0.6166666746139526, 0.6499999761581421, 0.6499999761581421, 0.5233333110809326, 0.6083333492279053, 0.6000000238418579, 0.7400000095367432, 0.6899999976158142, 0.6766666769981384, 0.7183333039283752, 0.6466667056083679, 0.7400000095367432, 0.6599999666213989, 0.731666624546051, 0.746666669845581], ""loss"": [2.7430613040924072, 3.983741044998169, 1.9941860437393188, 2.147404193878174, 2.2261791229248047, 2.1840035915374756, 1.995144248008728, 1.8759469985961914, 2.0989954471588135, 1.8362822532653809, 1.8718149662017822, 1.8994919061660767, 1.8039374351501465, 1.9076112508773804, 1.6934467554092407, 1.9488294124603271, 1.759596347808838, 2.020519971847534], ""roc_auc"": [0.46896976232528687, 0.5105494260787964, 0.475764662027359, 0.5200839638710022, 0.5042506456375122, 0.541146993637085, 0.5423535108566284, 0.5444048047065735, 0.5609561800956726, 0.5575068593025208, 0.5807982683181763, 0.5903395414352417, 0.5728525519371033, 0.6042040586471558, 0.5950427055358887, 0.5914857983589172, 0.5799366235733032, 0.5878807902336121]}, ""combined"": {""loss"": [2.7430613040924072, 3.983741044998169, 1.9941860437393188, 2.147404193878174, 2.2261791229248047, 2.1840035915374756, 1.995144248008728, 1.8759469985961914, 2.0989954471588135, 1.8362822532653809, 1.8718149662017822, 1.8994919061660767, 1.8039374351501465, 1.9076112508773804, 1.6934467554092407, 1.9488294124603271, 1.759596347808838, 2.020519971847534]}}, ""test"": {""label"": {""accuracy"": [0.16363635659217834, 0.1599999964237213, 0.12945599853992462, 0.16363635659217834, 0.18088752031326294, 0.1828877031803131, 0.19890421628952026, 0.21775320172309875, 0.20777183771133423, 0.2163655310869217, 0.23465240001678467, 0.2949169874191284, 0.2122689187526703, 0.28779059648513794, 0.2530398368835449, 0.30614128708839417, 0.24481900036334991, 0.30079367756843567], ""accuracy_micro"": [0.1184210553765297, 0.15789473056793213, 0.14473684132099152, 0.1184210553765297, 0.21052631735801697, 0.19736842811107635, 0.19736842811107635, 0.2368421107530594, 0.18421052396297455, 0.2368421107530594, 0.25, 0.31578946113586426, 0.22368420660495758, 0.2763157784938812, 0.25, 0.30263158679008484, 0.25, 0.28947368264198303], ""hits_at_k"": [0.5396285057067871, 0.5416268110275269, 0.6029437184333801, 0.6120448112487793, 0.5859383940696716, 0.5777591466903687, 0.6279844641685486, 0.6225072741508484, 0.586860179901123, 0.55810546875, 0.6122123599052429, 0.7340064644813538, 0.7282079458236694, 0.7083845734596252, 0.7345486879348755, 0.6721440553665161, 0.7112128138542175, 0.6978582739830017], ""loss"": [3.850131034851074, 3.5042247772216797, 2.2105178833007812, 2.7487637996673584, 1.9954438209533691, 2.365992546081543, 2.0217769145965576, 1.8063050508499146, 2.2005834579467773, 1.762880802154541, 1.9212344884872437, 1.7933392524719238, 1.8089253902435303, 1.8513901233673096, 1.7359180450439453, 1.8887765407562256, 1.8123092651367188, 1.9352631568908691], ""roc_auc"": [0.4156227111816406, 0.4303514063358307, 0.42295974493026733, 0.4452725052833557, 0.44945916533470154, 0.4726030230522156, 0.5036201477050781, 0.5017178654670715, 0.5350149869918823, 0.5336533784866333, 0.5476925373077393, 0.5621615648269653, 0.5602262616157532, 0.5728326439857483, 0.5728467702865601, 0.5709461569786072, 0.5725436806678772, 0.5797149538993835]}, ""combined"": {""loss"": [3.850131034851074, 3.5042247772216797, 2.2105178833007812, 2.7487637996673584, 1.9954438209533691, 2.365992546081543, 2.0217769145965576, 1.8063050508499146, 2.2005834579467773, 1.762880802154541, 1.9212344884872437, 1.7933392524719238, 1.8089253902435303, 1.8513901233673096, 1.7359180450439453, 1.8887765407562256, 1.8123092651367188, 1.9352631568908691]}}}",{},be1512de,/home/yhz/local_iot/banckend/storage/trained_models/latest/FastText-Embed_Hyperopt/hyperopt/trial_be1512de/,0.1922135353088379,True,False,18,2026-04-15_14-37-24,1776235044,3.792267084121704,3597582,ubunto,202.113.76.55,3.792267084121704,18
"{""trainer.learning_rate"": 0.001, ""trainer.batch_size"": 64, ""input_features.text.encoder.dropout"": 0.1661567578247278}",0.4099999964237213,"{""training"": {""label"": {""accuracy"": [0.1555425375699997, 0.16325531899929047, 0.20553191006183624, 0.20928724110126495, 0.23777660727500916, 0.2696170210838318, 0.23100000619888306, 0.25008508563041687, 0.34605318307876587, 0.31230852007865906, 0.3180425465106964, 0.35154256224632263, 0.38557446002960205, 0.37657445669174194, 0.4188191890716553, 0.39059579372406006, 0.41654258966445923, 0.5054042339324951, 0.4498085081577301], ""accuracy_micro"": [0.18726591765880585, 0.17228464782238007, 0.24719101190567017, 0.20973782241344452, 0.26217228174209595, 0.26966291666030884, 0.26966291666030884, 0.2734082341194153, 0.3670412003993988, 0.33707866072654724, 0.3258427083492279, 0.38576778769493103, 0.41198500990867615, 0.38576778769493103, 0.4606741666793823, 0.3932584226131439, 0.4569288492202759, 0.49438202381134033, 0.5018726587295532], ""hits_at_k"": [0.5767127871513367, 0.5810851454734802, 0.6026915311813354, 0.5933829545974731, 0.6403829455375671, 0.6619575023651123, 0.6715744733810425, 0.6706807613372803, 0.68087238073349, 0.736425518989563, 0.7729254961013794, 0.7281383275985718, 0.7291702032089233, 0.7327021360397339, 0.8282021284103394, 0.8604574203491211, 0.8536914587020874, 0.8024574518203735, 0.7851808667182922], ""loss"": [6.035863876342773, 3.3379218578338623, 2.9674267768859863, 2.7246017456054688, 2.2198283672332764, 2.2268271446228027, 2.3128983974456787, 2.275012969970703, 2.0343852043151855, 1.8576446771621704, 1.8500497341156006, 1.8141963481903076, 1.720862627029419, 1.7243493795394897, 1.5626251697540283, 1.4770963191986084, 1.4797194004058838, 1.5017509460449219, 1.7249664068222046], ""roc_auc"": [0.4657679498195648, 0.4791436195373535, 0.5153540372848511, 0.5106688737869263, 0.5434685945510864, 0.5753133893013, 0.5704909563064575, 0.5638845562934875, 0.6093183755874634, 0.6480189561843872, 0.6616143584251404, 0.6689244508743286, 0.6840519905090332, 0.6826310753822327, 0.7547243237495422, 0.739378035068512, 0.765280544757843, 0.7726050019264221, 0.7584583163261414]}, ""combined"": {""loss"": [6.035863876342773, 3.3379218578338623, 2.9674267768859863, 2.7246017456054688, 2.2198283672332764, 2.2268271446228027, 2.3128983974456787, 2.275012969970703, 2.0343852043151855, 1.8576446771621704, 1.8500497341156006, 1.8141963481903076, 1.720862627029419, 1.7243493795394897, 1.5626251697540283, 1.4770963191986084, 1.4797194004058838, 1.5017509460449219, 1.7249664068222046]}}, ""validation"": {""label"": {""accuracy"": [0.20000000298023224, 0.22500000894069672, 0.125, 0.22500000894069672, 0.25833335518836975, 0.3149999976158142, 0.26499998569488525, 0.15000000596046448, 0.3700000047683716, 0.15000000596046448, 0.19499999284744263, 0.24000000953674316, 0.14166666567325592, 0.4099999964237213, 0.2016666680574417, 0.2750000059604645, 0.19499999284744263, 0.39500001072883606, 0.29500001668930054], ""accuracy_micro"": [0.2631579041481018, 0.07894736528396606, 0.1315789520740509, 0.28947368264198303, 0.15789473056793213, 0.2631579041481018, 0.1315789520740509, 0.15789473056793213, 0.2631579041481018, 0.15789473056793213, 0.21052631735801697, 0.15789473056793213, 0.15789473056793213, 0.3947368562221527, 0.2368421107530594, 0.31578946113586426, 0.2368421107530594, 0.3684210479259491, 0.34210526943206787], ""hits_at_k"": [0.5333333611488342, 0.4700000286102295, 0.6100000143051147, 0.6166666746139526, 0.6499999761581421, 0.6499999761581421, 0.5233333110809326, 0.6083333492279053, 0.6000000238418579, 0.7400000095367432, 0.6899999976158142, 0.6766666769981384, 0.7183333039283752, 0.6466667056083679, 0.7400000095367432, 0.6599999666213989, 0.731666624546051, 0.746666669845581, 0.7516666054725647], ""loss"": [2.7430613040924072, 3.983741044998169, 1.9941860437393188, 2.147404193878174, 2.2261791229248047, 2.1840035915374756, 1.995144248008728, 1.8759469985961914, 2.0989954471588135, 1.8362822532653809, 1.8718149662017822, 1.8994919061660767, 1.8039374351501465, 1.9076112508773804, 1.6934467554092407, 1.9488294124603271, 1.759596347808838, 2.020519971847534, 1.8401029109954834], ""roc_auc"": [0.46896976232528687, 0.5105494260787964, 0.475764662027359, 0.5200839638710022, 0.5042506456375122, 0.541146993637085, 0.5423535108566284, 0.5444048047065735, 0.5609561800956726, 0.5575068593025208, 0.5807982683181763, 0.5903395414352417, 0.5728525519371033, 0.6042040586471558, 0.5950427055358887, 0.5914857983589172, 0.5799366235733032, 0.5878807902336121, 0.5879555940628052]}, ""combined"": {""loss"": [2.7430613040924072, 3.983741044998169, 1.9941860437393188, 2.147404193878174, 2.2261791229248047, 2.1840035915374756, 1.995144248008728, 1.8759469985961914, 2.0989954471588135, 1.8362822532653809, 1.8718149662017822, 1.8994919061660767, 1.8039374351501465, 1.9076112508773804, 1.6934467554092407, 1.9488294124603271, 1.759596347808838, 2.020519971847534, 1.8401029109954834]}}, ""test"": {""label"": {""accuracy"": [0.16363635659217834, 0.1599999964237213, 0.12945599853992462, 0.16363635659217834, 0.18088752031326294, 0.1828877031803131, 0.19890421628952026, 0.21775320172309875, 0.20777183771133423, 0.2163655310869217, 0.23465240001678467, 0.2949169874191284, 0.2122689187526703, 0.28779059648513794, 0.2530398368835449, 0.30614128708839417, 0.24481900036334991, 0.30079367756843567, 0.30079367756843567], ""accuracy_micro"": [0.1184210553765297, 0.15789473056793213, 0.14473684132099152, 0.1184210553765297, 0.21052631735801697, 0.19736842811107635, 0.19736842811107635, 0.2368421107530594, 0.18421052396297455, 0.2368421107530594, 0.25, 0.31578946113586426, 0.22368420660495758, 0.2763157784938812, 0.25, 0.30263158679008484, 0.25, 0.28947368264198303, 0.28947368264198303], ""hits_at_k"": [0.5396285057067871, 0.5416268110275269, 0.6029437184333801, 0.6120448112487793, 0.5859383940696716, 0.5777591466903687, 0.6279844641685486, 0.6225072741508484, 0.586860179901123, 0.55810546875, 0.6122123599052429, 0.7340064644813538, 0.7282079458236694, 0.7083845734596252, 0.7345486879348755, 0.6721440553665161, 0.7112128138542175, 0.6978582739830017, 0.7121440172195435], ""loss"": [3.850131034851074, 3.5042247772216797, 2.2105178833007812, 2.7487637996673584, 1.9954438209533691, 2.365992546081543, 2.0217769145965576, 1.8063050508499146, 2.2005834579467773, 1.762880802154541, 1.9212344884872437, 1.7933392524719238, 1.8089253902435303, 1.8513901233673096, 1.7359180450439453, 1.8887765407562256, 1.8123092651367188, 1.9352631568908691, 1.851474404335022], ""roc_auc"": [0.4156227111816406, 0.4303514063358307, 0.42295974493026733, 0.4452725052833557, 0.44945916533470154, 0.4726030230522156, 0.5036201477050781, 0.5017178654670715, 0.5350149869918823, 0.5336533784866333, 0.5476925373077393, 0.5621615648269653, 0.5602262616157532, 0.5728326439857483, 0.5728467702865601, 0.5709461569786072, 0.5725436806678772, 0.5797149538993835, 0.5797194242477417]}, ""combined"": {""loss"": [3.850131034851074, 3.5042247772216797, 2.2105178833007812, 2.7487637996673584, 1.9954438209533691, 2.365992546081543, 2.0217769145965576, 1.8063050508499146, 2.2005834579467773, 1.762880802154541, 1.9212344884872437, 1.7933392524719238, 1.8089253902435303, 1.8513901233673096, 1.7359180450439453, 1.8887765407562256, 1.8123092651367188, 1.9352631568908691, 1.851474404335022]}}}",{},be1512de,/home/yhz/local_iot/banckend/storage/trained_models/latest/FastText-Embed_Hyperopt/hyperopt/trial_be1512de/,0.05993843078613281,True,False,19,2026-04-15_14-37-24,1776235044,3.852205514907837,3597582,ubunto,202.113.76.55,3.852205514907837,19
"{""trainer.learning_rate"": 0.001, ""trainer.batch_size"": 64, ""input_features.text.encoder.dropout"": 0.1661567578247278}",0.4099999964237213,"{""training"": {""label"": {""accuracy"": [0.1555425375699997, 0.16325531899929047, 0.20553191006183624, 0.20928724110126495, 0.23777660727500916, 0.2696170210838318, 0.23100000619888306, 0.25008508563041687, 0.34605318307876587, 0.31230852007865906, 0.3180425465106964, 0.35154256224632263, 0.38557446002960205, 0.37657445669174194, 0.4188191890716553, 0.39059579372406006, 0.41654258966445923, 0.5054042339324951, 0.4498085081577301], ""accuracy_micro"": [0.18726591765880585, 0.17228464782238007, 0.24719101190567017, 0.20973782241344452, 0.26217228174209595, 0.26966291666030884, 0.26966291666030884, 0.2734082341194153, 0.3670412003993988, 0.33707866072654724, 0.3258427083492279, 0.38576778769493103, 0.41198500990867615, 0.38576778769493103, 0.4606741666793823, 0.3932584226131439, 0.4569288492202759, 0.49438202381134033, 0.5018726587295532], ""hits_at_k"": [0.5767127871513367, 0.5810851454734802, 0.6026915311813354, 0.5933829545974731, 0.6403829455375671, 0.6619575023651123, 0.6715744733810425, 0.6706807613372803, 0.68087238073349, 0.736425518989563, 0.7729254961013794, 0.7281383275985718, 0.7291702032089233, 0.7327021360397339, 0.8282021284103394, 0.8604574203491211, 0.8536914587020874, 0.8024574518203735, 0.7851808667182922], ""loss"": [6.035863876342773, 3.3379218578338623, 2.9674267768859863, 2.7246017456054688, 2.2198283672332764, 2.2268271446228027, 2.3128983974456787, 2.275012969970703, 2.0343852043151855, 1.8576446771621704, 1.8500497341156006, 1.8141963481903076, 1.720862627029419, 1.7243493795394897, 1.5626251697540283, 1.4770963191986084, 1.4797194004058838, 1.5017509460449219, 1.7249664068222046], ""roc_auc"": [0.4657679498195648, 0.4791436195373535, 0.5153540372848511, 0.5106688737869263, 0.5434685945510864, 0.5753133893013, 0.5704909563064575, 0.5638845562934875, 0.6093183755874634, 0.6480189561843872, 0.6616143584251404, 0.6689244508743286, 0.6840519905090332, 0.6826310753822327, 0.7547243237495422, 0.739378035068512, 0.765280544757843, 0.7726050019264221, 0.7584583163261414]}, ""combined"": {""loss"": [6.035863876342773, 3.3379218578338623, 2.9674267768859863, 2.7246017456054688, 2.2198283672332764, 2.2268271446228027, 2.3128983974456787, 2.275012969970703, 2.0343852043151855, 1.8576446771621704, 1.8500497341156006, 1.8141963481903076, 1.720862627029419, 1.7243493795394897, 1.5626251697540283, 1.4770963191986084, 1.4797194004058838, 1.5017509460449219, 1.7249664068222046]}}, ""validation"": {""label"": {""accuracy"": [0.20000000298023224, 0.22500000894069672, 0.125, 0.22500000894069672, 0.25833335518836975, 0.3149999976158142, 0.26499998569488525, 0.15000000596046448, 0.3700000047683716, 0.15000000596046448, 0.19499999284744263, 0.24000000953674316, 0.14166666567325592, 0.4099999964237213, 0.2016666680574417, 0.2750000059604645, 0.19499999284744263, 0.39500001072883606, 0.29500001668930054], ""accuracy_micro"": [0.2631579041481018, 0.07894736528396606, 0.1315789520740509, 0.28947368264198303, 0.15789473056793213, 0.2631579041481018, 0.1315789520740509, 0.15789473056793213, 0.2631579041481018, 0.15789473056793213, 0.21052631735801697, 0.15789473056793213, 0.15789473056793213, 0.3947368562221527, 0.2368421107530594, 0.31578946113586426, 0.2368421107530594, 0.3684210479259491, 0.34210526943206787], ""hits_at_k"": [0.5333333611488342, 0.4700000286102295, 0.6100000143051147, 0.6166666746139526, 0.6499999761581421, 0.6499999761581421, 0.5233333110809326, 0.6083333492279053, 0.6000000238418579, 0.7400000095367432, 0.6899999976158142, 0.6766666769981384, 0.7183333039283752, 0.6466667056083679, 0.7400000095367432, 0.6599999666213989, 0.731666624546051, 0.746666669845581, 0.7516666054725647], ""loss"": [2.7430613040924072, 3.983741044998169, 1.9941860437393188, 2.147404193878174, 2.2261791229248047, 2.1840035915374756, 1.995144248008728, 1.8759469985961914, 2.0989954471588135, 1.8362822532653809, 1.8718149662017822, 1.8994919061660767, 1.8039374351501465, 1.9076112508773804, 1.6934467554092407, 1.9488294124603271, 1.759596347808838, 2.020519971847534, 1.8401029109954834], ""roc_auc"": [0.46896976232528687, 0.5105494260787964, 0.475764662027359, 0.5200839638710022, 0.5042506456375122, 0.541146993637085, 0.5423535108566284, 0.5444048047065735, 0.5609561800956726, 0.5575068593025208, 0.5807982683181763, 0.5903395414352417, 0.5728525519371033, 0.6042040586471558, 0.5950427055358887, 0.5914857983589172, 0.5799366235733032, 0.5878807902336121, 0.5879555940628052]}, ""combined"": {""loss"": [2.7430613040924072, 3.983741044998169, 1.9941860437393188, 2.147404193878174, 2.2261791229248047, 2.1840035915374756, 1.995144248008728, 1.8759469985961914, 2.0989954471588135, 1.8362822532653809, 1.8718149662017822, 1.8994919061660767, 1.8039374351501465, 1.9076112508773804, 1.6934467554092407, 1.9488294124603271, 1.759596347808838, 2.020519971847534, 1.8401029109954834]}}, ""test"": {""label"": {""accuracy"": [0.16363635659217834, 0.1599999964237213, 0.12945599853992462, 0.16363635659217834, 0.18088752031326294, 0.1828877031803131, 0.19890421628952026, 0.21775320172309875, 0.20777183771133423, 0.2163655310869217, 0.23465240001678467, 0.2949169874191284, 0.2122689187526703, 0.28779059648513794, 0.2530398368835449, 0.30614128708839417, 0.24481900036334991, 0.30079367756843567, 0.30079367756843567], ""accuracy_micro"": [0.1184210553765297, 0.15789473056793213, 0.14473684132099152, 0.1184210553765297, 0.21052631735801697, 0.19736842811107635, 0.19736842811107635, 0.2368421107530594, 0.18421052396297455, 0.2368421107530594, 0.25, 0.31578946113586426, 0.22368420660495758, 0.2763157784938812, 0.25, 0.30263158679008484, 0.25, 0.28947368264198303, 0.28947368264198303], ""hits_at_k"": [0.5396285057067871, 0.5416268110275269, 0.6029437184333801, 0.6120448112487793, 0.5859383940696716, 0.5777591466903687, 0.6279844641685486, 0.6225072741508484, 0.586860179901123, 0.55810546875, 0.6122123599052429, 0.7340064644813538, 0.7282079458236694, 0.7083845734596252, 0.7345486879348755, 0.6721440553665161, 0.7112128138542175, 0.6978582739830017, 0.7121440172195435], ""loss"": [3.850131034851074, 3.5042247772216797, 2.2105178833007812, 2.7487637996673584, 1.9954438209533691, 2.365992546081543, 2.0217769145965576, 1.8063050508499146, 2.2005834579467773, 1.762880802154541, 1.9212344884872437, 1.7933392524719238, 1.8089253902435303, 1.8513901233673096, 1.7359180450439453, 1.8887765407562256, 1.8123092651367188, 1.9352631568908691, 1.851474404335022], ""roc_auc"": [0.4156227111816406, 0.4303514063358307, 0.42295974493026733, 0.4452725052833557, 0.44945916533470154, 0.4726030230522156, 0.5036201477050781, 0.5017178654670715, 0.5350149869918823, 0.5336533784866333, 0.5476925373077393, 0.5621615648269653, 0.5602262616157532, 0.5728326439857483, 0.5728467702865601, 0.5709461569786072, 0.5725436806678772, 0.5797149538993835, 0.5797194242477417]}, ""combined"": {""loss"": [3.850131034851074, 3.5042247772216797, 2.2105178833007812, 2.7487637996673584, 1.9954438209533691, 2.365992546081543, 2.0217769145965576, 1.8063050508499146, 2.2005834579467773, 1.762880802154541, 1.9212344884872437, 1.7933392524719238, 1.8089253902435303, 1.8513901233673096, 1.7359180450439453, 1.8887765407562256, 1.8123092651367188, 1.9352631568908691, 1.851474404335022]}}, ""evaluation_frequency"": {""frequency"": 1, ""period"": ""epoch""}}","{""label"": {""loss"": 2.0237677097320557, ""roc_auc"": 0.6042040586471558, ""accuracy"": 0.4099999964237213, ""accuracy_micro"": 0.3947368562221527, ""hits_at_k"": 0.6466667056083679, ""confusion_matrix"": [[6, 0, 2, 0, 0], [4, 0, 2, 0, 0], [1, 1, 8, 0, 0], [0, 0, 1, 1, 0], [7, 0, 2, 3, 0]], ""overall_stats"": {""token_accuracy"": 0.39473684210526316, ""avg_precision_macro"": 0.22333333333333333, ""avg_recall_macro"": 0.41, ""avg_f1_score_macro"": 0.28697435897435897, ""avg_precision_micro"": 0.39473684210526316, ""avg_recall_micro"": 0.39473684210526316, ""avg_f1_score_micro"": 0.39473684210526316, ""avg_precision_weighted"": 0.39473684210526316, ""avg_recall_weighted"": 0.39473684210526316, ""avg_f1_score_weighted"": 0.28313090418353576, ""kappa_score"": 0.23063380281690138}, ""per_class_stats"": {""oos"": {""true_positives"": 6, ""true_negatives"": 18, ""false_positives"": 12, ""false_negatives"": 2, ""true_positive_rate"": 0.75, ""true_negative_rate"": 0.6, ""positive_predictive_value"": 0.3333333333333333, ""negative_predictive_value"": 0.9, ""false_negative_rate"": 0.25, ""false_positive_rate"": 0.4, ""false_discovery_rate"": 0.6666666666666667, ""false_omission_rate"": 0.09999999999999998, ""accuracy"": 0.631578947368421, ""precision"": 0.3333333333333333, ""recall"": 0.75, ""f1_score"": 0.46153846153846156, ""sensitivity"": 0.75, ""specificity"": 0.6, ""hit_rate"": 0.75, ""miss_rate"": 0.25, ""fall_out"": 0.4, ""matthews_correlation_coefficient"": 0.2857738033247041, ""informedness"": 0.3500000000000001, ""markedness"": 0.2333333333333334}, ""administrative_office_service"": {""true_positives"": 0, ""true_negatives"": 31, ""false_positives"": 1, ""false_negatives"": 6, ""true_positive_rate"": 0.0, ""true_negative_rate"": 0.96875, ""positive_predictive_value"": 0.0, ""negative_predictive_value"": 0.8378378378378378, ""false_negative_rate"": 1.0, ""false_positive_rate"": 0.03125, ""false_discovery_rate"": 1.0, ""false_omission_rate"": 0.16216216216216217, ""accuracy"": 0.8157894736842105, ""precision"": 0.0, ""recall"": 0.0, ""f1_score"": 0, ""sensitivity"": 0.0, ""specificity"": 0.96875, ""hit_rate"": 0.0, ""miss_rate"": 1.0, ""fall_out"": 0.03125, ""matthews_correlation_coefficient"": -0.07118684968143743, ""informedness"": -0.03125, ""markedness"": -0.16216216216216217}, ""career_counseling_service"": {""true_positives"": 8, ""true_negatives"": 21, ""false_positives"": 7, ""false_negatives"": 2, ""true_positive_rate"": 0.8, ""true_negative_rate"": 0.75, ""positive_predictive_value"": 0.5333333333333333, ""negative_predictive_value"": 0.9130434782608695, ""false_negative_rate"": 0.19999999999999996, ""false_positive_rate"": 0.25, ""false_discovery_rate"": 0.4666666666666667, ""false_omission_rate"": 0.08695652173913049, ""accuracy"": 0.7631578947368421, ""precision"": 0.5333333333333333, ""recall"": 0.8, ""f1_score"": 0.64, ""sensitivity"": 0.8, ""specificity"": 0.75, ""hit_rate"": 0.8, ""miss_rate"": 0.19999999999999996, ""fall_out"": 0.25, ""matthews_correlation_coefficient"": 0.4954868781075959, ""informedness"": 0.55, ""markedness"": 0.44637681159420284}, ""network_information_service"": {""true_positives"": 1, ""true_negatives"": 33, ""false_positives"": 3, ""false_negatives"": 1, ""true_positive_rate"": 0.5, ""true_negative_rate"": 0.9166666666666666, ""positive_predictive_value"": 0.25, ""negative_predictive_value"": 0.9705882352941176, ""false_negative_rate"": 0.5, ""false_positive_rate"": 0.08333333333333337, ""false_discovery_rate"": 0.75, ""false_omission_rate"": 0.02941176470588236, ""accuracy"": 0.8947368421052632, ""precision"": 0.25, ""recall"": 0.5, ""f1_score"": 0.3333333333333333, ""sensitivity"": 0.5, ""specificity"": 0.9166666666666666, ""hit_rate"": 0.5, ""miss_rate"": 0.5, ""fall_out"": 0.08333333333333337, ""matthews_correlation_coefficient"": 0.30316953129541624, ""informedness"": 0.4166666666666665, ""markedness"": 0.22058823529411775}, ""education_management_service"": {""true_positives"": 0, ""true_negatives"": 26, ""false_positives"": 0, ""false_negatives"": 12, ""true_positive_rate"": 0.0, ""true_negative_rate"": 1.0, ""positive_predictive_value"": 0, ""negative_predictive_value"": 0.6842105263157895, ""false_negative_rate"": 1.0, ""false_positive_rate"": 0.0, ""false_discovery_rate"": 1.0, ""false_omission_rate"": 0.3157894736842105, ""accuracy"": 0.6842105263157895, ""precision"": 0, ""recall"": 0.0, ""f1_score"": 0, ""sensitivity"": 0.0, ""specificity"": 1.0, ""hit_rate"": 0.0, ""miss_rate"": 1.0, ""fall_out"": 0.0, ""matthews_correlation_coefficient"": 0, ""informedness"": 0.0, ""markedness"": -0.3157894736842105}}}, ""combined"": {""loss"": 2.0237677097320557}}",be1512de,/home/yhz/local_iot/banckend/storage/trained_models/latest/FastText-Embed_Hyperopt/hyperopt/trial_be1512de/,0.0705106258392334,,False,20,2026-04-15_14-37-24,1776235044,3.9227161407470703,3597582,ubunto,202.113.76.55,3.9227161407470703,20
